Id,DistrictId,Rooms,Square,LifeSquare,KitchenSquare,Floor,HouseFloor,HouseYear,Ecology_1,Ecology_2,Ecology_3,Social_1,Social_2,Social_3,Healthcare_1,Helthcare_2,Shops_1,Shops_2
5128,66,3.0,76.99803337561625,49.2076523980588,8.0,3,5.0,1961,0.161975568,B,A,31,7010,5,4508.0,3,7,B
16392,35,1.0,45.1286127346463,,1.0,7,18.0,2014,0.089039719,B,B,33,7976,5,,0,11,B
13101,23,1.0,47.27296844237241,,1.0,3,17.0,1977,0.014072961,B,B,2,475,0,,0,0,B
11259,6,1.0,47.873731370491896,,1.0,12,25.0,1977,0.243204519,B,B,5,1564,0,540.0,0,0,B
2560,8,2.0,47.48838447068682,28.89649296876303,6.0,5,5.0,1963,0.43788524,B,B,23,5735,3,1084.0,0,5,B
4089,6,3.0,103.92229104008298,,0.0,23,25.0,1977,0.243204519,B,B,5,1564,0,540.0,0,0,B
5165,58,2.0,62.445718433214594,32.875829609809124,12.0,6,9.0,1970,0.1489038909999999,B,B,9,1952,1,1430.0,3,2,B
14291,27,2.0,65.65985093990662,33.48381106685745,12.0,19,17.0,2014,0.072157581,B,B,2,629,1,,0,0,A
11509,23,1.0,41.84121953760976,,0.0,26,25.0,1977,0.075778755,B,B,6,1437,3,,0,2,B
4284,171,2.0,48.93911849223606,32.35727383423777,6.0,7,9.0,1968,0.019508796,B,B,37,7687,11,176.0,5,5,B
7165,31,2.0,47.89551283249981,27.49388148414318,5.0,4,5.0,1965,0.151346216,B,A,32,5889,10,830.0,4,1,B
4222,55,2.0,57.33727924597143,36.6787410818435,9.0,16,17.0,1998,0.041365446,B,B,31,5569,0,,1,4,B
16465,6,3.0,81.44277073218662,47.85063307035739,12.0,13,17.0,2013,0.243204519,B,B,5,1564,0,540.0,0,0,B
2853,100,3.0,54.36480078436078,39.79244310252296,5.0,4,5.0,1961,0.049863387,B,B,18,3746,9,75.0,3,1,B
11500,54,3.0,119.32063060724892,118.66721021762872,1.0,8,7.0,2015,0.006076152,B,B,30,5285,0,645.0,6,6,B
2272,58,1.0,50.97547353847676,43.04682641413224,12.0,7,9.0,2015,0.43788524,B,B,23,5735,3,1084.0,0,5,B
12847,12,1.0,41.468786096390005,20.77192063030818,7.0,12,17.0,1986,0.090799103,B,B,74,19083,2,,5,15,B
5181,27,2.0,61.55017045470249,58.22555732937045,7.0,5,14.0,2015,0.017647053,B,B,2,469,0,,0,0,B
13945,1,3.0,74.9742546317069,,1.0,9,17.0,1977,0.007122317,B,B,1,264,0,,0,1,B
6209,9,2.0,43.86079994680626,29.22862523799203,5.0,3,5.0,1971,0.161531741,B,B,25,5648,1,30.0,2,4,B
1233,21,1.0,47.24328058323152,24.035784870435005,8.0,5,14.0,1992,0.194489265,B,B,47,8004,3,125.0,3,5,B
7121,47,1.0,43.57518435677597,20.50939374295272,8.0,6,12.0,1977,0.101872465,B,B,23,4583,3,,3,3,B
7617,85,3.0,76.358007358408,47.49542170308635,10.0,4,16.0,1979,0.037177818,B,B,52,11217,1,2300.0,1,7,B
11222,6,3.0,81.11603548749538,,1.0,5,17.0,1977,0.243204519,B,B,5,1564,0,540.0,0,0,B
16182,18,3.0,80.78475292627712,52.12130941476329,8.0,4,8.0,1985,0.0,B,B,30,5562,0,,0,5,A
14629,22,1.0,41.10851083432255,,1.0,4,17.0,1977,0.118537385,B,B,30,6207,1,1183.0,1,0,B
5700,53,2.0,47.66330901281744,29.86718314954031,6.0,7,9.0,1975,0.049637257,B,B,34,7759,0,229.0,1,3,B
8664,1,2.0,55.955065651859805,33.82573800842777,9.0,4,17.0,1989,0.025609157,B,B,33,5261,0,240.0,3,1,B
12275,8,3.0,78.58179203999306,43.98394635479697,10.0,7,14.0,2010,0.43788524,B,B,23,5735,3,1084.0,0,5,B
13952,57,2.0,47.98509372326831,28.684639849068045,5.0,2,5.0,1972,0.133215333,B,B,49,11395,3,1406.0,3,4,A
14289,26,2.0,48.64270027367563,30.79597599339624,5.0,2,5.0,1968,0.0,B,B,36,6714,2,2672.0,0,2,B
2444,27,2.0,83.06079587516129,87.19113350190938,10.0,4,6.0,2014,0.07542368,B,B,11,3097,0,,0,0,B
2798,27,1.0,30.161022425479494,16.787412908779043,6.0,4,5.0,1974,0.211401214,B,B,9,1892,0,,0,1,B
9844,58,2.0,62.62665480931243,62.51783476469416,0.0,11,17.0,1977,0.43788524,B,B,23,5735,3,1084.0,0,5,B
13689,9,2.0,65.96413520103987,,1.0,7,1.0,1977,0.161531741,B,B,25,5648,1,30.0,2,4,B
6428,9,1.0,43.03726374343479,3.0131655899767686,1.0,3,1.0,1977,0.161531741,B,B,25,5648,1,30.0,2,4,B
13407,59,2.0,77.0574758899314,70.45403907368741,16.0,12,11.0,2020,0.019508796,B,B,37,7687,11,176.0,5,5,B
15306,1,2.0,54.29392516937747,,0.0,3,17.0,1977,0.007122317,B,B,1,264,0,,0,1,B
14363,88,1.0,45.72606462864954,,0.0,4,0.0,1977,0.127375905,B,B,43,8429,3,,3,9,B
3801,78,3.0,84.2392213788685,55.41358040794088,10.0,6,14.0,2001,0.092290642,B,B,21,4346,2,165.0,1,2,B
4618,6,1.0,46.184474153932754,,1.0,2,1.0,1977,0.243204519,B,B,5,1564,0,540.0,0,0,B
889,27,3.0,86.35754615589289,1.3075258216002177,1.0,10,0.0,1977,0.072157581,B,B,2,629,1,,0,0,A
2809,1,2.0,66.7013765066363,,1.0,18,17.0,1977,0.007122317,B,B,1,264,0,,0,1,B
7990,161,3.0,78.68451988651363,47.87612552609425,10.0,18,17.0,1995,0.0006991189999999,B,B,14,3369,24,4129.0,0,3,B
10483,34,4.0,95.86585245523588,,1.0,2,1.0,1977,0.069753361,B,B,53,13670,4,,1,11,B
16087,112,1.0,41.71971466497575,17.787884344924354,8.0,19,18.0,2008,0.069660344,B,B,31,6119,4,,1,2,B
9532,6,2.0,56.57433934445738,35.941645933173795,8.0,13,16.0,1980,0.243204519,B,B,5,1564,0,540.0,0,0,B
2024,27,3.0,108.65046454756737,,1.0,4,6.0,1977,0.07542368,B,B,11,3097,0,,0,0,B
3440,37,2.0,47.69532720632525,28.723563290020746,5.0,5,5.0,1964,0.178916796,B,B,18,3594,4,192.0,1,5,B
1151,8,1.0,39.18209489085093,23.06441972380837,8.0,3,17.0,1994,0.219006007,B,B,28,6746,3,,1,4,B
7725,3,2.0,41.160202564792186,25.778366903345283,6.0,4,14.0,1971,0.050900058,B,B,43,10621,1,30.0,2,3,B
7720,48,1.0,35.169287312875106,18.08548178041801,6.0,3,9.0,1981,0.041124634,B,B,46,9515,5,,1,10,B
15231,6,2.0,58.04727935600923,61.15701422914432,0.0,6,17.0,1977,0.243204519,B,B,5,1564,0,540.0,0,0,B
16335,100,2.0,44.45974833505619,28.224575835913026,5.0,8,9.0,1968,0.200146802,B,B,23,3975,8,770.0,2,0,B
5038,58,2.0,53.19004149713789,10.816032672663471,9.0,15,14.0,2005,0.050755569,B,B,24,5469,1,145.0,0,1,B
10106,46,1.0,40.21102816035786,22.73256113370068,10.0,7,22.0,1991,0.188783766,B,B,31,6137,4,,0,1,B
13019,61,3.0,80.24691727918831,44.63365268207421,9.0,9,22.0,1997,0.300322518,B,B,52,10311,6,,1,9,B
13535,30,2.0,64.30827482030163,,1.0,2,17.0,1977,7.81528e-05,B,B,22,6398,141,1046.0,3,23,B
12659,1,3.0,79.14588775543575,,1.0,15,17.0,1977,0.007122317,B,B,1,264,0,,0,1,B
5446,1,2.0,55.76885902226305,,1.0,15,17.0,1977,0.007122317,B,B,1,264,0,,0,1,B
14405,49,2.0,40.072640287664335,25.84823010416485,7.0,4,12.0,1969,0.020741326,B,B,24,5613,5,1340.0,2,5,B
12116,88,3.0,89.5495587186537,,0.0,20,0.0,1977,0.127375905,B,B,43,8429,3,,3,9,B
13249,59,3.0,110.2037442973761,4.461720777008472,1.0,6,1.0,1977,0.019508796,B,B,37,7687,11,176.0,5,5,B
7664,6,2.0,61.38585485200062,61.57963442092511,1.0,11,17.0,2016,0.243204519,B,B,5,1564,0,540.0,0,0,B
5302,29,1.0,34.32560526521368,21.182294669017125,5.0,4,5.0,1963,0.069660344,B,B,31,6119,4,,1,2,B
1124,7,3.0,65.12647573915594,42.26511518775183,8.0,9,12.0,1985,0.035145267,B,B,42,9292,3,2620.0,0,3,B
15401,13,2.0,51.39579121978623,32.650826018825995,8.0,6,17.0,2001,0.090799103,B,B,74,19083,2,,5,15,B
2114,53,2.0,64.77394897758238,60.86110626424346,8.0,14,17.0,2018,0.049637257,B,B,34,7759,0,229.0,1,3,B
6464,47,3.0,78.2328066471888,48.90598838547124,10.0,16,16.0,1981,0.101872465,B,B,23,4583,3,,3,3,B
3184,130,2.0,43.67920285966481,26.449554113111247,6.0,7,16.0,1968,0.21843974,B,B,21,4472,6,1450.0,4,7,A
15988,1,1.0,36.07386562951889,,1.0,15,24.0,1977,0.007122317,B,B,1,264,0,,0,1,B
12474,9,3.0,46.40513565540877,25.35351024967065,5.0,6,9.0,1975,0.13012277,B,B,8,1986,0,,0,0,B
5126,64,3.0,69.13093951777222,45.00084095493787,1.0,3,9.0,1970,0.135649789,B,B,46,7960,6,350.0,3,11,B
5169,23,1.0,48.9084624617809,24.033376497729712,10.0,6,9.0,2016,0.014072961,B,B,2,475,0,,0,0,B
7184,185,2.0,54.49277755096296,30.40022695400813,9.0,17,17.0,2004,0.025609157,B,B,33,5261,0,240.0,3,1,B
3346,75,1.0,29.58353963020132,17.26320620470885,5.0,5,5.0,1960,0.122090347,B,B,29,6566,7,1894.0,4,0,B
626,11,2.0,53.72282669118084,35.66254221087418,6.0,3,9.0,1973,0.0001696759999999,B,B,36,5992,0,,1,1,B
11086,21,2.0,42.70799497329023,29.035438476677943,5.0,9,8.0,1964,0.149666373,B,B,22,4789,2,4087.0,4,1,B
16307,126,2.0,56.1172559943762,35.995019792810176,7.0,5,5.0,1959,0.333891544,B,B,30,6564,1,,0,0,B
7724,23,2.0,62.935159018263896,62.031825742544136,1.0,24,25.0,1977,0.075778755,B,B,6,1437,3,,0,2,B
1839,13,3.0,74.56481549177167,43.0006479231948,9.0,11,17.0,2001,0.090799103,B,B,74,19083,2,,5,15,B
1152,21,2.0,53.4167118983648,30.84538872997398,9.0,9,14.0,2006,0.034331497,B,B,25,5487,3,,0,4,B
349,34,3.0,88.13665051058642,85.27098850930966,10.0,12,25.0,2016,0.069753361,B,B,53,13670,4,,1,11,B
16151,119,1.0,35.00861243160698,22.13775952474837,5.0,2,9.0,1965,0.033493708,B,B,66,10573,1,1322.0,3,8,B
11291,6,2.0,53.60679427325993,1.3204392917261951,1.0,15,17.0,2015,0.243204519,B,B,5,1564,0,540.0,0,0,B
8958,90,2.0,47.8387153232521,33.36032165299808,5.0,5,5.0,1967,0.265088676,B,B,37,5288,0,1937.0,3,2,B
15344,10,2.0,44.10875803924271,29.6100160852583,5.0,8,9.0,1972,0.282797669,B,B,33,8667,2,,0,6,B
11650,9,3.0,82.55532158508764,47.2817089291425,8.0,14,14.0,1992,0.161531741,B,B,25,5648,1,30.0,2,4,B
723,100,1.0,38.86982104868467,21.59814257129316,7.0,8,8.0,1965,0.200146802,B,B,23,3975,8,770.0,2,0,B
6376,2,1.0,42.37619755741403,23.71370076499829,9.0,9,14.0,1977,0.309479124,B,B,35,7715,4,990.0,0,6,B
7649,30,2.0,54.10198716813146,29.903354304528506,7.0,4,4.0,1952,7.81528e-05,B,B,22,6398,141,1046.0,3,23,B
7114,89,3.0,63.10634336972989,48.632745646578535,6.0,11,9.0,1970,0.151346216,B,A,32,5889,10,830.0,4,1,B
9214,41,3.0,64.03553229634291,43.44466553890496,8.0,7,9.0,1978,6.99893e-05,B,B,46,10309,1,240.0,1,16,B
6153,27,1.0,44.322596900625896,21.685315409633603,12.0,2,14.0,2007,0.07542368,B,B,11,3097,0,,0,0,B
14449,25,1.0,32.93847268320188,32.57110520192509,7.0,15,17.0,2016,0.069753361,B,B,53,13670,4,,1,11,B
12512,27,1.0,40.95067261511347,,0.0,2,0.0,1977,0.017647053,B,B,2,469,0,,0,0,B
3906,30,1.0,43.901344559400655,,1.0,12,12.0,1977,7.81528e-05,B,B,22,6398,141,1046.0,3,23,B
6672,10,2.0,48.43686052302616,33.961521717752646,7.0,4,12.0,1974,0.089039719,B,B,33,7976,5,,0,11,B
3885,74,2.0,78.96900311399234,,1.0,10,1.0,1977,0.075778755,B,B,6,1437,3,,0,2,B
12041,27,1.0,45.10934585879581,38.51001691777524,11.0,13,0.0,1977,0.017647053,B,B,2,469,0,,0,0,B
1851,27,2.0,57.34598067743663,54.71613731895439,0.0,9,9.0,1977,0.011654127,B,B,4,915,0,,0,0,B
6909,1,2.0,64.18365185808982,,1.0,15,24.0,1977,0.007122317,B,B,1,264,0,,0,1,B
555,7,4.0,74.9597581751952,74.03072342454782,6.0,5,16.0,1972,0.130617806,B,B,39,10418,9,900.0,1,9,B
15616,57,2.0,44.57156699149846,28.179405087333407,5.0,3,9.0,1971,0.133215333,B,B,49,11395,3,1406.0,3,4,A
10979,62,2.0,73.18062145426948,72.30984659763331,1.0,13,11.0,1977,0.072157581,B,B,2,629,1,,0,0,A
6991,58,1.0,107.36470060481405,,1.0,4,2.0,1977,0.43788524,B,B,23,5735,3,1084.0,0,5,B
9405,6,1.0,41.22510698800132,,1.0,25,25.0,1977,0.243204519,B,B,5,1564,0,540.0,0,0,B
13107,5,3.0,61.1866008540353,44.568950109018594,5.0,14,12.0,1973,0.150817539,B,B,16,3433,4,2643.0,4,5,B
437,58,1.0,37.67117141993681,20.517963185359136,9.0,9,12.0,1965,0.050755569,B,B,24,5469,1,145.0,0,1,B
9028,27,2.0,75.55422113414335,2.4563916740950456,1.0,14,1.0,1977,0.072157581,B,B,2,629,1,,0,0,A
9782,42,1.0,40.66522387307374,22.59318824860577,7.0,8,17.0,2006,0.158249043,B,B,21,5731,0,,1,0,B
10159,27,2.0,76.3360898661184,,1.0,7,17.0,1977,0.072157581,B,B,2,629,1,,0,0,A
1397,76,3.0,221.13876811375545,118.05534163943344,4.0,32,48.0,2011,0.0,B,B,7,1660,39,1786.0,1,5,B
12879,23,2.0,64.05254615915153,,1.0,12,17.0,1977,0.075778755,B,B,6,1437,3,,0,2,B
16397,85,1.0,32.00181186691317,22.93639253697083,6.0,9,9.0,1977,0.037177818,B,B,52,11217,1,2300.0,1,7,B
1709,66,3.0,78.1708635749995,55.812838634290685,8.0,2,5.0,1959,0.111627393,B,B,50,12238,8,1970.0,2,3,B
5296,52,1.0,44.44221774929364,44.63460803234074,0.0,5,17.0,1977,0.371148999,B,B,34,7065,1,750.0,2,5,B
903,15,2.0,64.71893532395197,32.09149416776168,2.0,6,14.0,2009,0.158249043,B,B,21,5731,0,,1,0,B
4498,95,2.0,56.2490326650036,32.214625292245,10.0,14,16.0,1975,0.341071945,B,B,27,5664,48,2300.0,3,11,B
11838,0,1.0,41.38516689233557,17.441228719064224,8.0,14,17.0,2011,0.006076152,B,B,30,5285,0,645.0,6,6,B
15536,124,3.0,66.6230786819703,43.41045910470692,9.0,4,12.0,1974,0.16909109,B,B,19,3856,10,,2,5,B
6967,55,4.0,69.45455575350437,48.63075818741613,5.0,5,9.0,1973,0.012338886,B,B,35,5776,1,2078.0,2,4,B
7653,187,1.0,43.21462076509485,21.082945515723093,8.0,7,9.0,2003,0.041116354,B,B,53,14892,4,,1,4,B
13978,30,1.0,39.877152334710296,,1.0,18,17.0,1977,7.81528e-05,B,B,22,6398,141,1046.0,3,23,B
4097,134,1.0,34.79956645506512,20.231580743695947,8.0,8,1.0,2019,0.212515361,B,B,19,3293,16,628.0,3,7,B
7638,53,3.0,80.41686352582073,80.40593351836998,1.0,5,18.0,2016,0.049637257,B,B,34,7759,0,229.0,1,3,B
2248,176,2.0,55.43949158213666,33.913863104540404,8.0,5,16.0,1986,0.08761909,B,B,8,1497,5,,1,0,B
13893,145,1.0,40.09348712283876,23.972398265932785,8.0,13,17.0,1986,0.0,B,B,30,5562,0,,0,5,A
13493,148,1.0,35.559182370248045,21.150997318509877,5.0,5,5.0,1963,0.313924552,B,B,22,4625,11,3855.0,2,10,B
12452,138,2.0,48.16233731929282,31.256560943114994,5.0,3,5.0,1962,0.014423114,B,B,19,3806,4,,0,3,B
3696,46,2.0,44.285160148367225,24.124580481348925,5.0,13,12.0,1975,0.188783766,B,B,31,6137,4,,0,1,B
1893,45,3.0,78.62813718906361,81.23486021087409,1.0,5,22.0,1977,0.195781053,B,B,23,5212,6,,3,2,B
14758,1,1.0,41.435648249008686,39.19279499664541,1.0,3,17.0,1977,0.007122317,B,B,1,264,0,,0,1,B
16730,99,3.0,62.56608122373083,41.58604575681378,8.0,3,9.0,1975,0.012338886,B,B,35,5776,1,2078.0,2,4,B
6924,27,2.0,67.3047933486833,,1.0,8,1.0,1977,0.072157581,B,B,2,629,1,,0,0,A
9991,27,3.0,78.03231040061465,,1.0,9,12.0,1977,0.072157581,B,B,2,629,1,,0,0,A
3430,22,2.0,46.87481903608061,34.54062555836462,5.0,3,5.0,1965,0.000995363,B,B,42,7651,1,,1,5,B
6858,52,3.0,85.34616905710234,,0.0,12,17.0,1977,0.371148999,B,B,34,7065,1,750.0,2,5,B
9895,62,3.0,86.14885214048262,,1.0,12,17.0,1977,0.072157581,B,B,2,629,1,,0,0,A
9719,78,3.0,84.35644857829261,49.81364347322672,10.0,20,22.0,2006,0.219006007,B,B,28,6746,3,,1,4,B
8920,27,2.0,57.35262187723146,59.9157716608651,10.0,12,10.0,2016,0.072157581,B,B,2,629,1,,0,0,A
6078,57,1.0,39.01076947548847,16.26927460511365,14.0,5,10.0,2005,0.090799103,B,B,74,19083,2,,5,15,B
2023,119,1.0,32.14923116902317,20.068613420526315,5.0,5,9.0,1965,0.000995363,B,B,42,7651,1,,1,5,B
14632,39,3.0,62.81371228428085,44.38302796168093,6.0,9,9.0,1972,0.428825818,B,B,25,5011,8,730.0,0,2,B
4207,1,3.0,65.9095849051531,37.7101473131709,8.0,16,14.0,1990,0.025609157,B,B,33,5261,0,240.0,3,1,B
9189,169,3.0,61.83123391062148,44.143243804729615,5.0,9,9.0,1977,0.300322518,B,B,52,10311,6,,1,9,B
3650,41,2.0,45.59388649772253,31.26276780743852,5.0,11,12.0,1968,0.175054867,B,B,36,10055,3,,1,0,B
6693,46,2.0,48.08553978828815,35.821461453414564,5.0,10,9.0,1966,0.188783766,B,B,31,6137,4,,0,1,B
14191,9,3.0,74.31162594106715,48.95848523414968,8.0,9,14.0,1993,0.161531741,B,B,25,5648,1,30.0,2,4,B
2033,129,2.0,42.184795138009655,24.82081322609951,7.0,3,12.0,1967,0.460556389,B,B,20,4386,14,,1,5,B
13888,60,1.0,33.519252927318256,22.906889430906983,5.0,4,9.0,1963,0.341071945,B,B,27,5664,48,2300.0,3,11,B
12212,27,2.0,69.23909060261579,,10.0,16,16.0,1977,0.072157581,B,B,2,629,1,,0,0,A
6851,20,2.0,40.14649936004989,27.535502343824447,6.0,6,17.0,1973,0.019508796,B,B,37,7687,11,176.0,5,5,B
14789,29,1.0,33.24379854878667,21.541543297186188,5.0,3,9.0,1965,0.069660344,B,B,31,6119,4,,1,2,B
7529,27,1.0,34.55990593118337,,1.0,25,25.0,1977,0.072157581,B,B,2,629,1,,0,0,A
10667,34,3.0,79.01841304949977,49.61311466141885,10.0,11,14.0,1997,0.069753361,B,B,53,13670,4,,1,11,B
3936,139,3.0,58.36714013349357,48.31652049300085,5.0,3,5.0,1962,0.122090347,B,B,29,6566,7,1894.0,4,0,B
16220,82,3.0,70.98756330278698,49.74822152548919,7.0,13,16.0,1986,0.037316452,B,B,32,6748,93,562.0,4,10,B
4009,88,2.0,46.07802588907847,28.020709909138727,6.0,13,12.0,1974,0.127375905,B,B,43,8429,3,,3,9,B
8432,52,2.0,65.43531192048978,66.84014043162317,1.0,13,17.0,1977,0.371148999,B,B,34,7065,1,750.0,2,5,B
507,98,2.0,38.10134253471953,25.170594404952183,6.0,11,14.0,1974,0.195781053,B,B,23,5212,6,,3,2,B
7749,119,3.0,109.36999965088243,35.309621720079065,11.0,7,24.0,2000,0.000995363,B,B,42,7651,1,,1,5,B
10734,101,4.0,76.27822672076553,54.41156273153807,9.0,12,12.0,1974,0.225824954,A,B,41,6558,7,1548.0,3,2,B
8908,22,2.0,67.12119392642221,,1.0,15,17.0,1977,0.118537385,B,B,30,6207,1,1183.0,1,0,B
8884,47,2.0,44.82819747726303,31.974486374710864,5.0,4,5.0,1968,0.298204575,B,B,16,4048,3,,1,3,B
3798,30,2.0,39.18758707431647,5.199864262570773,1.0,4,1.0,1977,7.81528e-05,B,B,22,6398,141,1046.0,3,23,B
9281,85,1.0,28.240534279011587,12.375011438203124,6.0,6,9.0,1978,0.037177818,B,B,52,11217,1,2300.0,1,7,B
13489,8,2.0,55.994646279670846,30.43115579386288,10.0,3,20.0,2008,0.458174486,B,A,26,4439,1,1130.0,1,5,B
15350,47,3.0,67.67663405686399,41.15693948167829,7.0,12,12.0,1980,6.99893e-05,B,B,46,10309,1,240.0,1,16,B
7455,36,2.0,38.24668870871138,26.731413504952048,7.0,6,9.0,1965,0.08761909,B,B,8,1497,5,,1,0,B
1068,8,3.0,74.65045894705932,50.084349927200506,9.0,9,14.0,1977,0.458174486,B,A,26,4439,1,1130.0,1,5,B
8352,23,2.0,65.87010890502282,67.6594496491698,0.0,3,3.0,2014,0.034656082,B,B,0,168,0,,0,0,B
97,53,3.0,84.37219968566154,57.18518046695963,12.0,16,24.0,2017,0.049637257,B,B,34,7759,0,229.0,1,3,B
3821,53,1.0,30.96612456567489,19.73219578065021,6.0,1,5.0,1961,0.049637257,B,B,34,7759,0,229.0,1,3,B
4848,42,2.0,62.87247781739398,36.81160736315323,1.0,3,12.0,2008,0.158249043,B,B,21,5731,0,,1,0,B
12713,6,3.0,79.95841647284678,,1.0,26,25.0,1977,0.243204519,B,B,5,1564,0,540.0,0,0,B
5043,29,2.0,42.489787935475455,30.99544356195458,5.0,9,5.0,1965,0.069660344,B,B,31,6119,4,,1,2,B
4720,11,1.0,35.62432828179276,21.286495738789423,10.0,6,12.0,1975,0.012338886,B,B,35,5776,1,2078.0,2,4,B
7438,1,2.0,63.51375386290896,,1.0,2,20.0,1977,0.007122317,B,B,1,264,0,,0,1,B
6427,35,1.0,34.78264511693794,18.128566770165705,7.0,9,9.0,1971,0.089039719,B,B,33,7976,5,,0,11,B
7936,23,1.0,42.433915431779496,39.95955691843428,9.0,3,17.0,2015,0.034656082,B,B,0,168,0,,0,0,B
7451,140,2.0,43.542745218512096,27.841179037582503,5.0,3,5.0,1964,0.0,B,B,33,7425,1,,2,5,B
2449,1,1.0,66.42658474782806,,0.0,14,0.0,1977,0.007122317,B,B,1,264,0,,0,1,B
2954,101,2.0,66.37993522789452,37.189996377501394,6.0,4,5.0,1957,0.225824954,A,B,41,6558,7,1548.0,3,2,B
16054,20,2.0,58.36126831035615,35.65718405447356,8.0,9,9.0,1978,0.019508796,B,B,37,7687,11,176.0,5,5,B
7394,148,3.0,79.67085654838417,48.503318502740136,6.0,18,33.0,2015,0.313924552,B,B,22,4625,11,3855.0,2,10,B
1779,29,1.0,43.610767135670784,16.26838735605571,9.0,7,17.0,2014,0.069660344,B,B,31,6119,4,,1,2,B
6948,74,2.0,74.86889728153449,,1.0,9,17.0,1977,0.309479124,B,B,35,7715,4,990.0,0,6,B
15147,6,2.0,63.367317200458295,40.99588011533297,10.0,4,17.0,2018,0.243204519,B,B,5,1564,0,540.0,0,0,B
16788,74,1.0,48.76315544266704,47.20973768307008,1.0,7,10.0,2015,0.075778755,B,B,6,1437,3,,0,2,B
1132,97,1.0,37.949478590856415,22.09386503932308,9.0,3,12.0,1974,0.306977489,B,B,27,5148,14,1575.0,5,7,B
12691,18,2.0,54.118200503187,30.99432610729178,8.0,11,17.0,1977,0.0,B,B,30,5562,0,,0,5,A
15482,111,2.0,60.31227852471061,35.07816643921586,10.0,24,22.0,1999,0.093442564,B,B,23,4635,5,3300.0,2,4,B
9837,25,3.0,118.75438778381636,67.49633649811514,12.0,14,25.0,2011,0.069753361,B,B,53,13670,4,,1,11,B
15858,9,5.0,97.53781458586472,63.57199680170848,8.0,5,14.0,1995,0.136244425,B,B,11,2370,0,,0,1,B
16477,30,2.0,67.25334974560576,,1.0,5,12.0,2013,7.81528e-05,B,B,22,6398,141,1046.0,3,23,B
11143,7,2.0,43.92019171835752,26.5787616455314,7.0,12,12.0,1965,0.035145267,B,B,42,9292,3,2620.0,0,3,B
14778,32,2.0,57.81089735079002,35.55841295156005,10.0,18,22.0,2004,0.135649789,B,B,46,7960,6,350.0,3,11,B
7739,112,3.0,79.31488193056519,45.83916052553783,10.0,14,22.0,2009,0.069660344,B,B,31,6119,4,,1,2,B
4344,98,1.0,38.707027459407406,19.44645383481188,7.0,17,17.0,1991,0.089039719,B,B,33,7976,5,,0,11,B
13369,2,1.0,38.74085186671215,20.62711109181366,9.0,3,12.0,1967,0.0,B,B,33,7425,1,,2,5,B
15050,28,3.0,61.37808758991882,42.60584812249997,6.0,6,9.0,1971,0.118537385,B,B,30,6207,1,1183.0,1,0,B
2790,3,2.0,79.51024617457831,41.19045541037004,13.0,5,15.0,2013,0.050900058,B,B,43,10621,1,30.0,2,3,B
5851,126,2.0,43.4418493192298,28.86930015011006,5.0,3,5.0,1965,0.333891544,B,B,30,6564,1,,0,0,B
1910,41,2.0,46.607468340513286,28.5903093269278,5.0,6,9.0,1972,0.036122292,B,B,24,4378,0,1036.0,1,1,B
12505,8,2.0,54.47900316353508,33.470616877118374,8.0,12,17.0,2001,0.43788524,B,B,23,5735,3,1084.0,0,5,B
15613,32,1.0,35.99883862933943,17.060620852365545,5.0,2,5.0,1970,0.135649789,B,B,46,7960,6,350.0,3,11,B
11709,63,1.0,51.87244680148408,,1.0,23,22.0,2016,0.23861713,B,B,26,3889,6,705.0,3,6,B
9862,88,1.0,36.173504946841405,20.03631568958179,8.0,11,9.0,1974,0.127375905,B,B,43,8429,3,,3,9,B
12608,1,3.0,85.61318708970776,,1.0,13,6.0,1977,0.007122317,B,B,1,264,0,,0,1,B
16111,6,2.0,53.05353809944366,,1.0,3,17.0,1977,0.243204519,B,B,5,1564,0,540.0,0,0,B
15561,1,1.0,43.570333707682806,,0.0,19,20.0,1977,0.007122317,B,B,1,264,0,,0,1,B
11732,1,1.0,46.59728313118976,,1.0,17,24.0,1977,0.007122317,B,B,1,264,0,,0,1,B
16057,6,3.0,78.79039686733063,,0.0,3,17.0,1977,0.243204519,B,B,5,1564,0,540.0,0,0,B
6325,23,2.0,50.539480708707565,,1.0,4,12.0,2016,0.034656082,B,B,0,168,0,,0,0,B
9820,23,1.0,39.72742123300132,,1.0,14,17.0,1977,0.075778755,B,B,6,1437,3,,0,2,B
13321,101,2.0,49.387965864877394,33.240340058033304,6.0,7,5.0,1965,0.225824954,A,B,41,6558,7,1548.0,3,2,B
13121,1,3.0,62.92999435890491,38.909846333966186,8.0,4,14.0,1993,0.025609157,B,B,33,5261,0,240.0,3,1,B
1411,84,2.0,40.80752091056026,27.676670006248685,5.0,2,8.0,1962,0.006076152,B,B,30,5285,0,645.0,6,6,B
988,90,2.0,54.84691283725718,31.739446074538776,8.0,6,16.0,1977,0.265088676,B,B,37,5288,0,1937.0,3,2,B
12960,42,2.0,62.09399269684086,33.06569656045394,11.0,6,9.0,2005,0.158249043,B,B,21,5731,0,,1,0,B
10817,111,2.0,47.62290795330025,31.79754960766603,5.0,5,5.0,1969,0.135649789,B,B,46,7960,6,350.0,3,11,B
10184,58,1.0,43.47525693777144,,0.0,6,17.0,1977,0.43788524,B,B,23,5735,3,1084.0,0,5,B
821,46,2.0,47.57343923240528,30.57739952226616,6.0,9,9.0,1971,0.0,B,B,47,11319,0,1145.0,3,5,B
14578,9,1.0,39.566938901267726,42.80861614003637,8.0,6,15.0,2009,0.161531741,B,B,25,5648,1,30.0,2,4,B
16355,67,2.0,51.355861751943856,34.69136406429118,6.0,10,12.0,1981,0.0077202819999999,B,B,38,4788,2,,0,4,B
13386,21,2.0,40.16868497198816,25.214586816843905,7.0,7,9.0,1966,0.034331497,B,B,25,5487,3,,0,4,B
6193,99,3.0,78.78613434419736,49.152087585155584,10.0,2,14.0,1999,0.033493708,B,B,66,10573,1,1322.0,3,8,B
9534,41,2.0,53.41007943012504,31.877028872465488,8.0,6,17.0,1984,0.175054867,B,B,36,10055,3,,1,0,B
7740,56,1.0,40.96957900317993,22.019286643492197,9.0,16,16.0,1988,0.0,B,B,23,5067,4,,2,6,B
6632,24,2.0,44.3719968133181,35.5152363268637,5.0,4,5.0,1964,0.111627393,B,B,50,12238,8,1970.0,2,3,B
9025,74,2.0,79.95089442890368,41.37454579779746,16.0,15,17.0,2015,0.309479124,B,B,35,7715,4,990.0,0,6,B
11371,30,1.0,37.86295552779981,,1.0,8,17.0,1977,7.81528e-05,B,B,22,6398,141,1046.0,3,23,B
1990,8,2.0,51.62558626245273,31.95438430149977,8.0,9,17.0,1991,0.219006007,B,B,28,6746,3,,1,4,B
4330,9,1.0,43.77071665239479,25.267023125247725,8.0,8,14.0,1993,0.136244425,B,B,11,2370,0,,0,1,B
11649,61,1.0,32.02330094586077,18.946134663306,6.0,1,9.0,1978,0.300322518,B,B,52,10311,6,,1,9,B
10173,27,2.0,63.88811902786585,,1.0,3,3.0,1977,0.072157581,B,B,2,629,1,,0,0,A
11539,26,2.0,49.52896355463472,30.51241100466033,6.0,12,12.0,1977,0.0,B,B,36,6714,2,2672.0,0,2,B
3637,41,2.0,39.78779737699526,23.190451113268537,6.0,9,12.0,1968,0.175054867,B,B,36,10055,3,,1,0,B
15472,1,2.0,77.50671396453394,,12.0,3,22.0,1977,0.007122317,B,B,1,264,0,,0,1,B
9595,28,1.0,38.30621794005247,18.763480003319486,10.0,9,19.0,1976,0.118537385,B,B,30,6207,1,1183.0,1,0,B
13586,2,2.0,48.42090641333084,32.23997843000989,6.0,8,9.0,1970,0.309479124,B,B,35,7715,4,990.0,0,6,B
5177,96,1.0,37.11483388313672,18.98125283784061,9.0,2,17.0,2004,0.041116354,B,B,53,14892,4,,1,4,B
6554,9,2.0,55.21386558883477,33.78745427959856,11.0,9,10.0,2003,0.31019913,B,B,11,2748,1,,0,0,B
7271,48,2.0,63.62405215546094,,1.0,12,1.0,2016,0.041124634,B,B,46,9515,5,,1,10,B
13196,23,3.0,70.41757284325949,,1.0,4,1.0,1977,0.005767451,B,B,1,388,0,,0,0,B
9911,115,1.0,39.592075945759184,23.64859343504583,9.0,11,12.0,1971,1.8e-09,B,B,16,3681,73,1815.0,2,5,B
4031,27,2.0,55.92319591297159,34.539843264106324,8.0,5,9.0,1987,0.017647053,B,B,2,469,0,,0,0,B
10975,118,2.0,59.111711460305386,34.192309961403,8.0,8,10.0,1959,0.21843974,B,B,21,4472,6,1450.0,4,7,A
11446,18,2.0,54.32078589716353,34.321088127668496,8.0,3,17.0,1997,0.0,B,B,30,5562,0,,0,5,A
2932,8,3.0,77.28883816109399,46.86865030792946,10.0,13,16.0,1984,0.458174486,B,A,26,4439,1,1130.0,1,5,B
10441,66,1.0,33.3889307987255,22.782377466062503,5.0,6,5.0,1962,0.111627393,B,B,50,12238,8,1970.0,2,3,B
2238,53,1.0,40.445269304810864,22.45610071402421,9.0,11,14.0,1975,0.313924552,B,B,22,4625,11,3855.0,2,10,B
4546,27,1.0,45.97526244943844,17.926904473905758,10.0,9,13.0,2002,0.041116354,B,B,53,14892,4,,1,4,B
3602,29,3.0,92.55162723466968,59.69832501470804,7.0,4,5.0,1958,0.040242764,B,B,25,3478,11,2729.0,3,1,B
7948,32,2.0,46.597902448320006,29.4659163259918,6.0,8,9.0,1968,0.135649789,B,B,46,7960,6,350.0,3,11,B
12548,88,1.0,31.754427885838336,18.963864458629487,6.0,3,12.0,1973,0.127375905,B,B,43,8429,3,,3,9,B
4285,99,3.0,58.65910371349373,45.69227591223961,6.0,2,9.0,1973,0.033493708,B,B,66,10573,1,1322.0,3,8,B
3295,69,2.0,63.85327468974365,37.04251049305931,10.0,4,16.0,1982,0.093442564,B,B,23,4635,5,3300.0,2,4,B
511,23,2.0,63.70002820238336,,1.0,17,25.0,1977,0.075778755,B,B,6,1437,3,,0,2,B
13599,23,3.0,65.23831177017196,64.91282286118853,1.0,13,17.0,1977,0.034656082,B,B,0,168,0,,0,0,B
2900,29,1.0,34.24579070797954,17.20156028046376,5.0,5,5.0,1966,0.069660344,B,B,31,6119,4,,1,2,B
11324,21,2.0,48.69847973975818,33.21282420864376,5.0,5,5.0,1964,0.034331497,B,B,25,5487,3,,0,4,B
3375,9,2.0,61.79563588516488,,1.0,4,1.0,1977,0.161531741,B,B,25,5648,1,30.0,2,4,B
1245,26,1.0,85.45017473248195,82.91130502915647,1.0,8,20.0,2012,0.0,B,B,36,6714,2,2672.0,0,2,B
10515,1,3.0,66.37657107168168,42.905683080574256,8.0,8,14.0,1991,0.025609157,B,B,33,5261,0,240.0,3,1,B
5708,45,2.0,61.91108021112278,59.83682623173718,10.0,14,24.0,2017,0.195781053,B,B,23,5212,6,,3,2,B
15605,74,2.0,56.68782922824636,33.78079956958482,9.0,4,17.0,1991,0.371148999,B,B,34,7065,1,750.0,2,5,B
8,8,3.0,83.93034219763074,50.04931455301463,8.0,4,12.0,2007,0.092290642,B,B,21,4346,2,165.0,1,2,B
10284,147,3.0,71.17908267917215,47.77935270114763,9.0,12,14.0,1974,0.319809354,B,B,25,4756,16,2857.0,5,8,B
14436,7,2.0,45.27561620759978,28.10251588164896,5.0,7,5.0,1967,0.130617806,B,B,39,10418,9,900.0,1,9,B
10704,52,2.0,51.92149100340754,,1.0,6,17.0,1977,0.371148999,B,B,34,7065,1,750.0,2,5,B
2728,44,1.0,20.011215114086724,14.116331663039222,4.0,7,9.0,1970,0.122190486,B,B,25,4724,2,1308.0,1,3,B
9247,67,3.0,65.0196467536,41.287476354713625,7.0,10,9.0,1979,0.100455735,B,B,43,7227,0,,1,6,A
1131,47,2.0,55.860983176004495,31.909536799037472,8.0,5,12.0,1984,6.99893e-05,B,B,46,10309,1,240.0,1,16,B
6012,58,2.0,43.493412982403605,26.838465456980487,6.0,11,12.0,1968,0.050755569,B,B,24,5469,1,145.0,0,1,B
10115,122,1.0,40.466023109918005,23.045089149852213,8.0,9,10.0,1997,0.033493708,B,B,66,10573,1,1322.0,3,8,B
621,136,3.0,65.22173261261237,43.28151655677413,7.0,12,12.0,1974,0.019508796,B,B,37,7687,11,176.0,5,5,B
6511,57,1.0,44.08039491311504,21.524264262767385,8.0,13,12.0,1983,0.407276235,A,B,9,1768,0,370.0,0,0,A
2844,1,2.0,64.78505452410977,31.7687144592152,12.0,7,17.0,2014,0.007122317,B,B,1,264,0,,0,1,B
6563,99,1.0,33.77005603577961,19.04419400418856,6.0,10,9.0,1972,0.012338886,B,B,35,5776,1,2078.0,2,4,B
11503,79,2.0,46.21228951385411,31.381738548039195,5.0,3,5.0,1969,0.307466659,B,A,30,5048,9,325.0,2,5,B
16264,53,2.0,49.59188094692384,32.60713920423945,5.0,9,9.0,1973,0.313924552,B,B,22,4625,11,3855.0,2,10,B
1259,53,3.0,81.31059858010299,80.2815832962453,1.0,20,18.0,2017,0.049637257,B,B,34,7759,0,229.0,1,3,B
10570,86,2.0,42.62076509990456,30.571926542978076,5.0,5,5.0,1962,0.161975568,B,A,31,7010,5,4508.0,3,7,B
12270,112,2.0,56.72848452592744,29.0705587108176,9.0,18,18.0,2009,0.069660344,B,B,31,6119,4,,1,2,B
8497,62,3.0,108.25065654415651,,1.0,9,1.0,2015,0.072157581,B,B,2,629,1,,0,0,A
14029,85,3.0,53.74531791982447,34.77073774788088,6.0,5,9.0,1979,0.037177818,B,B,52,11217,1,2300.0,1,7,B
3151,101,2.0,44.53157675512188,29.955691179008287,5.0,7,5.0,1970,0.225824954,A,B,41,6558,7,1548.0,3,2,B
11948,10,3.0,58.03748161998897,41.20536834953269,6.0,10,9.0,1972,0.089039719,B,B,33,7976,5,,0,11,B
15264,53,2.0,44.222793432780215,29.153547074364543,5.0,1,9.0,1976,0.313924552,B,B,22,4625,11,3855.0,2,10,B
1346,27,3.0,87.19056472457856,85.62139656060491,11.0,7,0.0,1977,0.072157581,B,B,2,629,1,,0,0,A
783,61,1.0,34.2360316094451,18.477327316639126,5.0,5,5.0,1970,0.298204575,B,B,16,4048,3,,1,3,B
9212,121,3.0,67.35340643632648,47.10108548543403,7.0,12,12.0,1976,0.212515361,B,B,19,3293,16,628.0,3,7,B
4533,31,2.0,83.96329898886948,38.41922410108136,14.0,33,40.0,2014,0.151346216,B,A,32,5889,10,830.0,4,1,B
10223,74,1.0,56.72658939435873,56.14668220711413,1.0,9,1.0,2015,0.075778755,B,B,6,1437,3,,0,2,B
2612,1,2.0,65.63283214380783,,0.0,17,17.0,1977,0.007122317,B,B,1,264,0,,0,1,B
6587,52,2.0,64.60993058204129,63.33484751189442,1.0,14,17.0,1977,0.371148999,B,B,34,7065,1,750.0,2,5,B
390,108,2.0,60.13418926048913,36.690519959947046,9.0,6,9.0,1961,0.0,B,B,23,3684,2,,0,4,B
11487,88,4.0,64.27046095358416,49.47729199495706,5.0,3,9.0,1974,0.127375905,B,B,43,8429,3,,3,9,B
9324,128,3.0,62.75176455391608,47.74583998219315,6.0,11,9.0,1972,0.0,B,B,27,4798,0,30.0,2,8,B
4818,53,2.0,44.654890716195816,28.773651338233854,6.0,2,9.0,1969,0.313924552,B,B,22,4625,11,3855.0,2,10,B
8275,1,1.0,44.80608996300601,,1.0,8,17.0,1977,0.007122317,B,B,1,264,0,,0,1,B
10033,167,1.0,35.677794131006095,20.883123478274268,9.0,10,12.0,1970,0.051942062,B,B,17,4017,7,800.0,2,0,B
2637,130,1.0,31.99949083273256,20.63123000299838,5.0,7,9.0,1968,0.21843974,B,B,21,4472,6,1450.0,4,7,A
1001,95,1.0,42.53436120449696,18.47783009644361,10.0,5,16.0,1975,0.341071945,B,B,27,5664,48,2300.0,3,11,B
15009,62,1.0,35.2650435064044,19.993805615751807,7.0,13,12.0,1974,0.002211665,B,B,39,7614,3,,1,5,A
5349,27,1.0,47.1248445472182,44.75835548189686,1.0,15,14.0,2016,0.072157581,B,B,2,629,1,,0,0,A
2189,105,3.0,82.97647798045172,53.73694762608903,9.0,6,5.0,1960,0.069660344,B,B,31,6119,4,,1,2,B
13932,23,2.0,66.93512594874889,,1.0,17,17.0,1977,0.075778755,B,B,6,1437,3,,0,2,B
6270,12,2.0,63.85426025109717,38.91967690165871,10.0,5,14.0,1999,0.090799103,B,B,74,19083,2,,5,15,B
10136,1,1.0,39.188428063995865,,1.0,7,17.0,1977,0.007122317,B,B,1,264,0,,0,1,B
11170,34,3.0,73.86507374207464,46.5087820998496,9.0,7,17.0,1997,0.069753361,B,B,53,13670,4,,1,11,B
497,18,1.0,44.79381324648399,23.97331115777069,8.0,8,14.0,1987,0.0,B,B,30,5562,0,,0,5,A
10440,62,1.0,29.10709140728332,16.434995351995738,5.0,7,9.0,1974,0.002211665,B,B,39,7614,3,,1,5,A
778,93,3.0,55.584240883846455,37.85059666997176,7.0,3,16.0,1983,0.521867054,B,B,25,6149,0,,0,0,B
11077,21,3.0,62.715838043704174,41.52214281955178,5.0,3,5.0,1967,0.194489265,B,B,47,8004,3,125.0,3,5,B
1663,3,2.0,45.9820510836825,32.67416475468988,6.0,2,5.0,1963,0.265088676,B,B,37,5288,0,1937.0,3,2,B
7039,96,3.0,77.61501016978387,45.03516624063794,10.0,8,14.0,1995,0.041116354,B,B,53,14892,4,,1,4,B
16630,72,1.0,36.39286797362917,17.498456027213027,7.0,6,9.0,1967,0.210473241,B,B,11,2398,2,1994.0,3,0,B
4603,57,1.0,46.131666199606045,17.848320600578855,10.0,15,22.0,2003,0.090799103,B,B,74,19083,2,,5,15,B
7221,23,3.0,77.14029916443603,,1.0,21,25.0,1977,0.075778755,B,B,6,1437,3,,0,2,B
1385,1,1.0,43.20107930599808,,1.0,19,17.0,1977,0.007122317,B,B,1,264,0,,0,1,B
7032,13,1.0,29.57080169699652,20.74229630059445,5.0,2,5.0,1964,0.133215333,B,B,49,11395,3,1406.0,3,4,A
7188,59,1.0,44.3016133524626,,1.0,16,17.0,1977,0.019508796,B,B,37,7687,11,176.0,5,5,B
13842,23,1.0,40.186505597236994,,1.0,4,17.0,1977,0.075778755,B,B,6,1437,3,,0,2,B
11684,69,3.0,69.96455390877081,48.465956488248814,7.0,12,16.0,1988,0.000991363,B,B,33,6783,3,,1,9,B
15759,17,2.0,57.6018699737095,37.74474320489497,10.0,78,22.0,1989,0.0,B,B,25,5027,4,46.0,1,1,B
2859,62,1.0,45.89551833261908,1.4573654104596891,1.0,10,15.0,2018,0.072157581,B,B,2,629,1,,0,0,A
16140,27,1.0,38.25155748222115,,1.0,16,17.0,1977,0.011654127,B,B,4,915,0,,0,0,B
11817,1,3.0,75.76293424985748,,1.0,17,17.0,1977,0.007122317,B,B,1,264,0,,0,1,B
15999,9,3.0,81.54186376731067,51.69371309906209,7.0,3,12.0,1995,0.161531741,B,B,25,5648,1,30.0,2,4,B
12569,75,2.0,59.110119894801,35.80797071261016,10.0,6,17.0,1999,0.122090347,B,B,29,6566,7,1894.0,4,0,B
13883,119,2.0,49.22084185872414,29.03018246931984,6.0,5,5.0,1961,0.000995363,B,B,42,7651,1,,1,5,B
1649,23,1.0,29.74437314438764,,1.0,4,12.0,1977,0.034656082,B,B,0,168,0,,0,0,B
4431,86,2.0,53.95581651469328,34.828069723947884,9.0,4,12.0,1976,0.161975568,B,A,31,7010,5,4508.0,3,7,B
6719,2,2.0,41.30775393639727,24.8315192140556,6.0,6,9.0,1973,0.130617806,B,B,39,10418,9,900.0,1,9,B
16207,161,1.0,48.32429592374535,15.82192612233188,9.0,4,9.0,2015,0.014423114,B,B,19,3806,4,,0,3,B
10232,84,2.0,57.684784743353575,37.72663762425835,8.0,1,5.0,1956,0.006076152,B,B,30,5285,0,645.0,6,6,B
4474,21,2.0,42.62640343799149,29.906751217686057,5.0,5,5.0,1968,0.394094211,B,B,3,662,0,35.0,0,0,B
7933,113,1.0,40.512249840571776,23.868685234649924,6.0,6,17.0,2004,0.050755569,B,B,24,5469,1,145.0,0,1,B
7427,27,2.0,64.4195479570112,,0.0,11,19.0,1977,0.211401214,B,B,9,1892,0,,0,1,B
7938,66,3.0,61.11916226651993,44.3619103096356,5.0,2,5.0,1966,0.161975568,B,A,31,7010,5,4508.0,3,7,B
10668,30,1.0,46.79567268263514,46.05768570927601,1.0,4,4.0,2016,7.81528e-05,B,B,22,6398,141,1046.0,3,23,B
312,1,1.0,34.56256530415638,22.74662917284521,6.0,2,5.0,1975,0.036270089,B,B,6,1318,1,200.0,1,1,B
7585,66,3.0,77.38458950785724,47.04196612899492,10.0,16,16.0,1991,0.111627393,B,B,50,12238,8,1970.0,2,3,B
8041,76,1.0,39.70596909266,19.4053337052889,9.0,8,12.0,1970,0.0,B,B,7,1660,39,1786.0,1,5,B
5016,23,2.0,54.405583281236936,33.67559365222614,9.0,10,17.0,2013,0.075778755,B,B,6,1437,3,,0,2,B
9570,129,1.0,39.55023422390107,21.55964605695651,9.0,11,16.0,1979,0.460556389,B,B,20,4386,14,,1,5,B
15115,114,2.0,43.87411374260457,27.24881159189423,6.0,10,12.0,1967,0.327018035,B,B,12,2270,23,2500.0,1,0,B
5118,155,3.0,73.25979700240131,53.26537045321884,10.0,3,5.0,1926,0.042307271,B,B,17,2810,9,4849.0,3,6,B
12267,101,2.0,60.11907253509817,33.29233519634215,11.0,10,12.0,2004,0.038692987,B,B,28,6533,1,1015.0,2,5,B
4968,74,2.0,77.09800507697877,,1.0,16,1.0,1977,0.075778755,B,B,6,1437,3,,0,2,B
10019,101,1.0,41.92787017394517,23.462679560908672,9.0,15,14.0,1977,0.225824954,A,B,41,6558,7,1548.0,3,2,B
14641,27,2.0,60.56476624780491,,9.0,13,19.0,2018,0.211401214,B,B,9,1892,0,,0,1,B
4079,75,2.0,45.14419572295914,25.81955323502757,5.0,5,5.0,1962,0.307466659,B,A,30,5048,9,325.0,2,5,B
5622,83,2.0,48.25740898339328,33.74864232731982,5.0,6,9.0,1978,0.0077202819999999,B,B,38,4788,2,,0,4,B
3372,90,2.0,45.60935982932378,30.39536638158364,5.0,6,5.0,1966,0.265088676,B,B,37,5288,0,1937.0,3,2,B
5506,1,3.0,82.8911227927767,,1.0,16,17.0,1977,0.007122317,B,B,1,264,0,,0,1,B
8516,6,1.0,38.27845261227444,42.65581276177515,1.0,18,17.0,2016,0.243204519,B,B,5,1564,0,540.0,0,0,B
1596,96,2.0,59.715350536352815,36.33636386560799,8.0,7,14.0,2008,0.041116354,B,B,53,14892,4,,1,4,B
2785,53,2.0,73.81223273946736,35.865537595268385,11.0,10,20.0,2012,0.313924552,B,B,22,4625,11,3855.0,2,10,B
7171,6,2.0,66.47630451043443,37.81281338240322,12.0,2,17.0,1977,0.243204519,B,B,5,1564,0,540.0,0,0,B
516,1,1.0,44.08028523889399,23.93696975506809,9.0,16,22.0,2019,0.025609157,B,B,33,5261,0,240.0,3,1,B
1618,17,2.0,55.06549839260015,32.13048248328167,8.0,18,16.0,1977,0.0,B,B,18,3374,5,620.0,1,2,B
1588,34,3.0,83.39982784722473,45.49308652179234,9.0,4,22.0,1996,0.069753361,B,B,53,13670,4,,1,11,B
10424,60,2.0,41.89232137317754,28.715831824100107,5.0,10,8.0,1960,0.21843974,B,B,21,4472,6,1450.0,4,7,A
6317,169,2.0,56.214048052190826,,1.0,9,17.0,1977,0.178916796,B,B,18,3594,4,192.0,1,5,B
12615,58,2.0,47.45035557899129,24.767868376573315,8.0,8,14.0,1972,0.1489038909999999,B,B,9,1952,1,1430.0,3,2,B
7468,21,1.0,40.58680780484851,25.849068898724934,6.0,5,9.0,1977,0.194489265,B,B,47,8004,3,125.0,3,5,B
8189,108,3.0,83.60218087057939,57.25931570947553,7.0,5,9.0,1960,0.0,B,B,23,3684,2,,0,4,B
8946,8,1.0,42.62844588322668,19.76114666299162,8.0,16,17.0,2002,0.43788524,B,B,23,5735,3,1084.0,0,5,B
14593,27,2.0,62.25699264533561,,0.0,2,17.0,1977,0.011654127,B,B,4,915,0,,0,0,B
11379,34,3.0,82.52433395390284,80.78735164459826,1.0,10,1.0,2017,0.069753361,B,B,53,13670,4,,1,11,B
16065,94,2.0,54.17208655037579,31.40039804288849,7.0,13,17.0,2001,0.521867054,B,B,25,6149,0,,0,0,B
4444,48,2.0,52.92486174779645,34.565991581029785,8.0,9,12.0,1983,0.041124634,B,B,46,9515,5,,1,10,B
5805,2,2.0,45.57562513738901,29.053420284372677,5.0,3,5.0,1966,0.0,B,B,33,7425,1,,2,5,B
3304,1,2.0,45.24657158542193,27.08387797420129,5.0,4,5.0,1964,0.036270089,B,B,6,1318,1,200.0,1,1,B
2746,45,3.0,83.7717415946615,,0.0,21,0.0,1977,0.195781053,B,B,23,5212,6,,3,2,B
7020,28,2.0,43.46727673764455,30.92462242944984,5.0,5,9.0,1968,0.118537385,B,B,30,6207,1,1183.0,1,0,B
8640,124,2.0,54.12333472739387,29.758644964113675,8.0,9,14.0,1977,0.122090347,B,B,29,6566,7,1894.0,4,0,B
591,27,3.0,49.54382619861568,,0.0,20,25.0,1977,0.072157581,B,B,2,629,1,,0,0,A
1510,88,3.0,62.36754608180144,45.03172269790953,5.0,9,9.0,1974,0.127375905,B,B,43,8429,3,,3,9,B
12876,27,2.0,54.49107181674717,33.587619525656585,9.0,5,17.0,2012,0.011654127,B,B,4,915,0,,0,0,B
5287,34,4.0,97.24141749093891,1.7336443055756865,1.0,14,1.0,1977,0.069753361,B,B,53,13670,4,,1,11,B
5763,23,3.0,69.87765310865488,,1.0,1,16.0,2015,0.005767451,B,B,1,388,0,,0,0,B
5935,119,1.0,40.474493596525015,19.95855187800395,7.0,5,17.0,2004,0.033493708,B,B,66,10573,1,1322.0,3,8,B
676,85,3.0,54.08853428132322,38.62246705303549,6.0,8,9.0,1978,0.037177818,B,B,52,11217,1,2300.0,1,7,B
16743,123,1.0,51.43853670866861,26.06612960603785,13.0,15,17.0,2004,0.0,B,B,6,2733,0,920.0,0,4,B
11770,96,1.0,38.84680484044489,19.507564651234286,1.0,8,9.0,2005,0.041116354,B,B,53,14892,4,,1,4,B
3160,9,1.0,39.55929223967691,23.62200325774416,8.0,13,14.0,1991,0.161531741,B,B,25,5648,1,30.0,2,4,B
3679,30,1.0,43.8437864463592,,1.0,21,22.0,2015,7.81528e-05,B,B,22,6398,141,1046.0,3,23,B
8426,6,1.0,40.14086134006104,5.759836648343456,1.0,15,17.0,1977,0.243204519,B,B,5,1564,0,540.0,0,0,B
16496,4,1.0,39.97674931976974,16.914867165125973,9.0,11,2.0,1972,0.327018035,B,B,12,2270,23,2500.0,1,0,B
8266,86,2.0,44.43695831883751,29.507315007427444,5.0,4,5.0,1964,0.161975568,B,A,31,7010,5,4508.0,3,7,B
7766,62,1.0,42.025773444829504,23.477270004349588,8.0,10,17.0,1989,0.002211665,B,B,39,7614,3,,1,5,A
9235,119,1.0,32.69167587220231,22.3217732614464,5.0,6,5.0,1963,0.000995363,B,B,42,7651,1,,1,5,B
7848,1,2.0,63.82016625789128,,0.0,3,22.0,1977,0.007122317,B,B,1,264,0,,0,1,B
526,55,2.0,51.1847842036267,34.48137596395961,8.0,2,14.0,1990,0.041365446,B,B,31,5569,0,,1,4,B
16577,171,2.0,42.11445110229482,27.233745764092344,5.0,11,10.0,1967,0.019508796,B,B,37,7687,11,176.0,5,5,B
1590,27,3.0,79.94568973050725,,1.0,14,17.0,1977,0.011654127,B,B,4,915,0,,0,0,B
13592,31,3.0,68.56716856897975,69.15656737141963,7.0,3,9.0,1960,0.0,B,B,23,3684,2,,0,4,B
5265,49,3.0,56.60793912183414,35.71362801420688,6.0,5,5.0,1963,0.020741326,B,B,24,5613,5,1340.0,2,5,B
13116,27,1.0,47.37990455756341,44.21750320543929,0.0,4,0.0,1977,0.072157581,B,B,2,629,1,,0,0,A
13550,27,1.0,41.67176848081333,38.5123464393983,1.0,11,10.0,2019,0.211401214,B,B,9,1892,0,,0,1,B
10166,113,3.0,62.57614043242781,42.065226163558286,6.0,3,5.0,1970,0.307466659,B,A,30,5048,9,325.0,2,5,B
13209,26,2.0,45.80217285017226,30.49987092903475,5.0,3,5.0,1968,0.0,B,B,36,6714,2,2672.0,0,2,B
13285,9,2.0,61.99442161414454,38.9202534582369,10.0,3,17.0,1995,0.161531741,B,B,25,5648,1,30.0,2,4,B
1646,28,3.0,82.60515926562887,58.340208700851726,9.0,4,5.0,1961,0.333891544,B,B,30,6564,1,,0,0,B
9404,161,2.0,55.78481814562032,34.23048876030064,9.0,18,17.0,1996,0.0006991189999999,B,B,14,3369,24,4129.0,0,3,B
5327,61,3.0,53.55645241319836,36.79196383515868,6.0,5,9.0,1976,0.300322518,B,B,52,10311,6,,1,9,B
250,21,3.0,60.324468681106005,41.72171217722632,5.0,3,5.0,1965,0.194489265,B,B,47,8004,3,125.0,3,5,B
9767,64,1.0,35.75003590027095,22.91234215199208,6.0,5,9.0,1968,0.135649789,B,B,46,7960,6,350.0,3,11,B
15154,67,2.0,57.91909261213966,,1.0,4,4.0,1977,0.0077202819999999,B,B,38,4788,2,,0,4,B
5042,58,1.0,47.7695512582566,,12.0,11,0.0,1977,0.43788524,B,B,23,5735,3,1084.0,0,5,B
5448,160,2.0,46.9080739635246,28.09267128263225,6.0,8,9.0,1978,0.0,B,B,39,8647,0,810.0,0,5,B
9041,27,2.0,86.1304910523078,46.39926422031172,15.0,7,14.0,2009,0.051815435,B,B,5,1227,0,,0,0,B
3263,101,2.0,44.35734725467226,28.29898531157628,5.0,3,9.0,1968,0.225824954,A,B,41,6558,7,1548.0,3,2,B
5250,96,4.0,87.77638168144794,54.620539994927256,10.0,25,24.0,2014,0.041116354,B,B,53,14892,4,,1,4,B
4408,90,1.0,36.19222982691704,17.671509428358945,5.0,4,5.0,1962,0.265088676,B,B,37,5288,0,1937.0,3,2,B
2118,41,1.0,38.44074968478797,22.18990789757437,9.0,11,16.0,1983,0.127811589,B,B,28,7287,5,320.0,1,3,B
15709,48,3.0,86.48993470329461,86.16502319357315,1.0,24,1.0,2015,0.041124634,B,B,46,9515,5,,1,10,B
669,7,1.0,23.681686946276727,13.699489482358992,2.0,4,9.0,1971,0.130617806,B,B,39,10418,9,900.0,1,9,B
295,7,1.0,35.4248181357566,22.127867691120443,9.0,4,12.0,1968,0.130617806,B,B,39,10418,9,900.0,1,9,B
12255,99,1.0,38.59641962956243,22.11389193034768,9.0,1,14.0,1972,0.012338886,B,B,35,5776,1,2078.0,2,4,B
2595,27,2.0,60.03655047905661,30.91288175847271,12.0,8,6.0,2000,0.041116354,B,B,53,14892,4,,1,4,B
15347,157,3.0,57.9749002841198,42.57659099426432,5.0,5,5.0,1958,0.0,B,B,30,7538,87,4702.0,5,5,B
14649,22,1.0,37.61490240301016,21.109430798797284,7.0,8,17.0,1988,0.133215333,B,B,49,11395,3,1406.0,3,4,A
9489,142,1.0,37.046918295911325,23.861619696718925,9.0,8,16.0,1974,0.051942062,B,B,17,4017,7,800.0,2,0,B
5308,30,1.0,39.33491053597486,,1.0,18,17.0,1977,7.81528e-05,B,B,22,6398,141,1046.0,3,23,B
13995,6,2.0,65.03311051536751,,1.0,7,17.0,1977,0.243204519,B,B,5,1564,0,540.0,0,0,B
5555,31,3.0,81.1830002856563,48.77032088385182,10.0,13,16.0,1977,0.151346216,B,A,32,5889,10,830.0,4,1,B
14064,93,1.0,42.710105733174345,23.81561263784509,9.0,23,24.0,2004,0.050900058,B,B,43,10621,1,30.0,2,3,B
51,11,2.0,57.15373940846019,28.69388859427311,11.0,16,16.0,1980,0.0001696759999999,B,B,36,5992,0,,1,1,B
16394,23,1.0,53.77527789755955,,1.0,3,4.0,1977,0.014072961,B,B,2,475,0,,0,0,B
10896,21,2.0,44.835016139438665,30.72815667426836,5.0,3,5.0,1963,0.034331497,B,B,25,5487,3,,0,4,B
11576,17,2.0,54.68090633793514,39.010163295142334,8.0,4,9.0,1958,0.0,B,B,25,5027,4,46.0,1,1,B
2733,9,1.0,46.4853683347085,,1.0,3,18.0,1977,0.161531741,B,B,25,5648,1,30.0,2,4,B
3107,11,2.0,46.342950599711706,28.86379978594401,5.0,12,12.0,1975,0.225824954,A,B,41,6558,7,1548.0,3,2,B
2492,61,3.0,67.33754390065988,42.228395211941816,8.0,5,9.0,1980,0.300322518,B,B,52,10311,6,,1,9,B
12003,1,2.0,65.39648955268882,1.95581606772621,1.0,12,17.0,1977,0.007122317,B,B,1,264,0,,0,1,B
8324,144,3.0,58.60658596088757,47.25172081723557,5.0,4,5.0,1962,0.306977489,B,B,27,5148,14,1575.0,5,7,B
12190,62,3.0,65.28732835066815,43.39947294551418,6.0,4,12.0,1975,0.002211665,B,B,39,7614,3,,1,5,A
8088,1,3.0,79.80800409895669,,1.0,12,17.0,1977,0.007122317,B,B,1,264,0,,0,1,B
4248,29,3.0,73.85431599323309,45.122852346577794,6.0,3,5.0,1957,0.069660344,B,B,31,6119,4,,1,2,B
5649,6,2.0,53.6965264452508,14.525565550611796,9.0,14,17.0,2014,0.243204519,B,B,5,1564,0,540.0,0,0,B
7373,83,3.0,63.63513961375336,39.24199726453405,8.0,2,9.0,1977,0.100455735,B,B,43,7227,0,,1,6,A
8539,23,2.0,64.74451338458447,,1.0,17,17.0,1977,0.075778755,B,B,6,1437,3,,0,2,B
6112,1,2.0,65.19901017792873,,1.0,9,17.0,1977,0.007122317,B,B,1,264,0,,0,1,B
7364,21,1.0,35.382146711689174,18.719459869904536,8.0,2,5.0,1960,0.149666373,B,B,22,4789,2,4087.0,4,1,B
1711,1,2.0,65.93223417201695,66.30371474941171,1.0,14,22.0,1977,0.007122317,B,B,1,264,0,,0,1,B
6050,67,3.0,69.19386111623265,44.891811254484246,6.0,3,12.0,1978,0.0077202819999999,B,B,38,4788,2,,0,4,B
15692,27,2.0,63.83154155984054,62.857676050096046,1.0,11,17.0,1977,0.051815435,B,B,5,1227,0,,0,0,B
217,80,2.0,59.439562966402455,33.991547282041424,10.0,11,17.0,1989,0.0,B,B,39,8647,0,810.0,0,5,B
3077,27,1.0,37.53558298559148,,1.0,2,19.0,2014,0.211401214,B,B,9,1892,0,,0,1,B
12937,62,2.0,55.43366579612309,57.45252122302357,14.0,11,12.0,2014,0.072157581,B,B,2,629,1,,0,0,A
5988,21,2.0,46.68628452142156,31.22937701663806,5.0,5,5.0,1968,0.194489265,B,B,47,8004,3,125.0,3,5,B
16085,44,1.0,38.862075559132094,23.45930942486473,6.0,9,9.0,1981,0.036122292,B,B,24,4378,0,1036.0,1,1,B
2373,18,2.0,64.30447271246891,35.55090165639562,10.0,4,17.0,1991,0.0,B,B,30,5562,0,,0,5,A
8221,118,1.0,32.79510349292943,18.17452164617292,5.0,9,9.0,1966,0.341071945,B,B,27,5664,48,2300.0,3,11,B
12901,9,1.0,45.56589005792058,18.13823062534218,8.0,11,14.0,1991,0.136244425,B,B,11,2370,0,,0,1,B
5138,45,2.0,63.45023181913682,63.421354321352965,1.0,16,14.0,1977,0.195781053,B,B,23,5212,6,,3,2,B
2797,67,3.0,66.82232441471817,47.27325325875746,7.0,5,12.0,1978,0.100455735,B,B,43,7227,0,,1,6,A
2429,44,3.0,65.76224950166058,46.94310181084354,9.0,12,12.0,1967,0.232205084,B,B,24,4860,1,80.0,0,3,B
10869,23,3.0,78.00188787116683,82.56632217843081,1.0,21,25.0,2015,0.075778755,B,B,6,1437,3,,0,2,B
10693,55,2.0,60.24173288276825,37.22878673213725,10.0,5,17.0,1990,0.041365446,B,B,31,5569,0,,1,4,B
7748,6,3.0,83.62196534271982,,1.0,11,1.0,1977,0.243204519,B,B,5,1564,0,540.0,0,0,B
9894,99,3.0,70.14049589548453,40.221924342602016,9.0,8,16.0,1981,0.033493708,B,B,66,10573,1,1322.0,3,8,B
15984,23,3.0,104.78635538774635,106.73027212936545,1.0,14,25.0,1977,0.075778755,B,B,6,1437,3,,0,2,B
10359,46,2.0,45.32893674924416,29.148969745306143,6.0,6,9.0,1970,0.0,B,B,47,11319,0,1145.0,3,5,B
1995,176,2.0,56.85560567034372,35.90830314834036,7.0,4,5.0,1961,0.08761909,B,B,8,1497,5,,1,0,B
208,62,2.0,76.04820094749033,,0.0,2,0.0,1977,0.072157581,B,B,2,629,1,,0,0,A
14134,30,2.0,64.85408218338243,,1.0,5,17.0,1977,7.81528e-05,B,B,22,6398,141,1046.0,3,23,B
6977,167,3.0,125.69306341974176,65.28655779437645,24.0,7,34.0,2008,0.050272014,B,B,21,4231,14,1020.0,0,3,B
14869,27,3.0,46.69936040168936,,0.0,23,25.0,1977,0.072157581,B,B,2,629,1,,0,0,A
10616,1,2.0,77.46354026700465,,1.0,5,16.0,2017,0.007122317,B,B,1,264,0,,0,1,B
10375,106,1.0,35.575157009667365,17.941608444780602,10.0,19,22.0,2001,0.246031548,B,A,22,3151,4,2715.0,3,3,B
4651,53,3.0,82.55501077461489,,1.0,2,19.0,1977,0.049637257,B,B,34,7759,0,229.0,1,3,B
4634,22,1.0,42.441934109205775,,0.0,5,17.0,1977,0.118537385,B,B,30,6207,1,1183.0,1,0,B
16693,23,2.0,59.14807324932578,,1.0,15,17.0,1977,0.075778755,B,B,6,1437,3,,0,2,B
9899,62,2.0,49.0110253989217,31.22859444434388,5.0,6,5.0,1964,0.072157581,B,B,2,629,1,,0,0,A
4110,134,1.0,42.225441521267975,,1.0,16,17.0,1977,0.212515361,B,B,19,3293,16,628.0,3,7,B
6933,37,2.0,77.16846718175584,36.89155015314615,13.0,4,6.0,2010,0.127811589,B,B,28,7287,5,320.0,1,3,B
7115,34,2.0,84.65505090896272,47.15480450304707,12.0,7,24.0,2014,0.069753361,B,B,53,13670,4,,1,11,B
16789,128,2.0,56.85609336931938,30.515712245388013,8.0,9,14.0,1998,0.041116354,B,B,53,14892,4,,1,4,B
15970,23,2.0,61.06267689044472,,1.0,4,25.0,1977,0.075778755,B,B,6,1437,3,,0,2,B
9136,7,2.0,41.81509790859385,25.018908817069068,5.0,5,5.0,1962,0.130617806,B,B,39,10418,9,900.0,1,9,B
4015,34,3.0,83.47455489160984,48.17824109183904,8.0,4,12.0,2000,0.069753361,B,B,53,13670,4,,1,11,B
12790,13,3.0,66.69811308735964,46.15708956771432,6.0,9,12.0,1980,0.090799103,B,B,74,19083,2,,5,15,B
7533,66,1.0,16.319014801237355,11.118981039716108,1.0,4,5.0,1965,0.111627393,B,B,50,12238,8,1970.0,2,3,B
6998,6,2.0,65.23507155845282,33.84909512683275,13.0,9,17.0,2015,0.243204519,B,B,5,1564,0,540.0,0,0,B
7371,27,2.0,62.8270114526808,59.63789391426993,10.0,10,10.0,2013,0.011654127,B,B,4,915,0,,0,0,B
3685,48,2.0,81.9599702666736,83.0115100254765,11.0,21,25.0,2015,0.041124634,B,B,46,9515,5,,1,10,B
6816,9,3.0,76.0764362284542,74.59121915695859,10.0,16,14.0,2010,0.31019913,B,B,11,2748,1,,0,0,B
13573,61,1.0,46.06281490710816,22.926040179586423,8.0,12,12.0,1980,0.300322518,B,B,52,10311,6,,1,9,B
6321,2,2.0,55.32762909591875,34.627817406454355,8.0,11,14.0,1996,0.309479124,B,B,35,7715,4,990.0,0,6,B
3386,27,2.0,58.45424202659886,,8.0,11,12.0,1977,0.011654127,B,B,4,915,0,,0,0,B
6045,28,2.0,45.21785906144059,26.754449040347986,5.0,9,9.0,1970,0.118537385,B,B,30,6207,1,1183.0,1,0,B
16751,74,1.0,54.6141699426221,,1.0,8,17.0,1977,0.075778755,B,B,6,1437,3,,0,2,B
8317,15,1.0,41.94496466545661,22.95875726295707,7.0,4,12.0,2007,0.158249043,B,B,21,5731,0,,1,0,B
2215,29,2.0,48.0454064451377,32.7759706224307,5.0,3,5.0,1961,0.069660344,B,B,31,6119,4,,1,2,B
3022,83,1.0,42.70103167477756,19.38302869738532,7.0,16,17.0,2000,0.0077202819999999,B,B,38,4788,2,,0,4,B
16208,132,1.0,68.15572730271272,49.10558076640324,7.0,3,16.0,1979,0.306977489,B,B,27,5148,14,1575.0,5,7,B
5399,1,3.0,88.01116413692017,,10.0,18,22.0,2016,0.007122317,B,B,1,264,0,,0,1,B
16045,27,2.0,63.69700999017743,,10.0,14,17.0,2016,0.072157581,B,B,2,629,1,,0,0,A
14931,6,3.0,83.10978716958935,46.51934452818984,12.0,5,17.0,1977,0.243204519,B,B,5,1564,0,540.0,0,0,B
2912,118,2.0,44.11645490821999,27.99341729018494,5.0,6,5.0,1963,0.341071945,B,B,27,5664,48,2300.0,3,11,B
5160,58,3.0,93.75628511517036,,1.0,2,3.0,1977,0.43788524,B,B,23,5735,3,1084.0,0,5,B
10111,99,2.0,46.57320476140736,29.68657333169928,6.0,11,9.0,1972,0.012338886,B,B,35,5776,1,2078.0,2,4,B
14959,1,2.0,64.11244079029989,1.1811391512455292,1.0,13,17.0,1977,0.007122317,B,B,1,264,0,,0,1,B
15211,16,3.0,61.54758405181212,46.78559527865676,6.0,7,9.0,1977,0.037177818,B,B,52,11217,1,2300.0,1,7,B
624,27,2.0,59.94996365942135,,0.0,15,0.0,1977,0.011654127,B,B,4,915,0,,0,0,B
12946,1,1.0,33.67039691722691,21.68279505825845,6.0,8,9.0,1969,0.036270089,B,B,6,1318,1,200.0,1,1,B
6077,1,1.0,47.569245727689925,,1.0,8,17.0,1977,0.007122317,B,B,1,264,0,,0,1,B
9152,1,3.0,87.92732662441912,45.85103534318839,10.0,12,16.0,2007,0.025609157,B,B,33,5261,0,240.0,3,1,B
14572,6,3.0,82.78539543057235,,0.0,5,17.0,1977,0.243204519,B,B,5,1564,0,540.0,0,0,B
9750,134,2.0,77.03057926969667,42.66732232335127,12.0,5,7.0,1961,0.015016892,B,B,17,3079,59,2890.0,0,8,B
4276,83,2.0,52.12541346590567,33.65406132469541,8.0,5,12.0,1980,0.0077202819999999,B,B,38,4788,2,,0,4,B
3946,1,2.0,68.71477345686311,67.62791460886876,1.0,22,24.0,1977,0.007122317,B,B,1,264,0,,0,1,B
11908,101,2.0,42.884858508302095,24.81938440195423,7.0,10,12.0,1966,0.225824954,A,B,41,6558,7,1548.0,3,2,B
10552,10,2.0,53.28378809851461,32.472275334318226,8.0,18,17.0,1989,0.089039719,B,B,33,7976,5,,0,11,B
12965,21,1.0,34.65550454916774,19.672020892253045,6.0,7,9.0,1980,0.194489265,B,B,47,8004,3,125.0,3,5,B
16478,25,3.0,82.94840128649076,,1.0,23,1.0,1977,0.069753361,B,B,53,13670,4,,1,11,B
3930,121,2.0,56.47652340828937,34.04155195419153,8.0,6,12.0,1984,0.212515361,B,B,19,3293,16,628.0,3,7,B
13210,93,2.0,65.97604034541183,38.47489822026113,10.0,7,24.0,2013,0.050900058,B,B,43,10621,1,30.0,2,3,B
15949,3,2.0,52.60057700889544,30.10489740430389,8.0,8,14.0,1993,0.265088676,B,B,37,5288,0,1937.0,3,2,B
15077,134,2.0,61.66440554905768,,1.0,8,1.0,2016,0.212515361,B,B,19,3293,16,628.0,3,7,B
3892,41,2.0,45.98948346494266,32.05267485780537,6.0,6,12.0,1969,0.175054867,B,B,36,10055,3,,1,0,B
3980,52,3.0,87.41156249378744,,1.0,12,17.0,1977,0.371148999,B,B,34,7065,1,750.0,2,5,B
15289,58,2.0,65.23318019605047,69.88778236415921,1.0,4,3.0,1977,0.43788524,B,B,23,5735,3,1084.0,0,5,B
6518,5,2.0,44.54831982063215,31.41346956810533,5.0,11,14.0,1973,0.150817539,B,B,16,3433,4,2643.0,4,5,B
4549,31,2.0,80.54264033432669,35.54959398594974,14.0,5,40.0,2013,0.151346216,B,A,32,5889,10,830.0,4,1,B
5252,23,1.0,36.31437454222571,,6.0,12,12.0,2015,0.034656082,B,B,0,168,0,,0,0,B
52,1,3.0,108.65261535151316,1.6944692117030344,1.0,10,17.0,1977,0.007122317,B,B,1,264,0,,0,1,B
10048,3,1.0,34.120234829500674,21.35147351552811,6.0,4,9.0,1973,0.050900058,B,B,43,10621,1,30.0,2,3,B
6064,1,2.0,62.98100732815196,66.22718918039762,0.0,13,24.0,1977,0.007122317,B,B,1,264,0,,0,1,B
8819,27,3.0,81.60607368160294,46.13444943790271,10.0,3,17.0,2015,0.011654127,B,B,4,915,0,,0,0,B
2578,103,3.0,64.49517250670618,45.78679809799176,6.0,6,9.0,1968,0.0006991189999999,B,B,14,3369,24,4129.0,0,3,B
655,23,1.0,43.01731875778312,21.77637071863657,10.0,13,25.0,2013,0.075778755,B,B,6,1437,3,,0,2,B
12798,47,1.0,35.16001098926682,23.22068171653761,6.0,7,9.0,1979,0.101872465,B,B,23,4583,3,,3,3,B
8466,6,2.0,66.27001382580022,,0.0,13,17.0,1977,0.243204519,B,B,5,1564,0,540.0,0,0,B
4805,53,3.0,77.01454112011555,48.911926373853206,10.0,13,23.0,1988,0.049637257,B,B,34,7759,0,229.0,1,3,B
1984,99,2.0,46.75801072084518,28.5449634212956,5.0,4,9.0,1971,0.012338886,B,B,35,5776,1,2078.0,2,4,B
5184,46,3.0,69.40003997227386,69.45559284814067,1.0,4,2.0,1977,0.188783766,B,B,31,6137,4,,0,1,B
12234,200,2.0,49.18888768772806,29.6063378353524,6.0,6,5.0,1959,0.0,B,B,33,7425,1,,2,5,B
12699,23,1.0,31.297256502104627,27.415963977478533,1.0,8,1.0,2016,0.034656082,B,B,0,168,0,,0,0,B
15383,61,2.0,44.30863623532426,28.23733450104515,5.0,7,3.0,1961,0.298204575,B,B,16,4048,3,,1,3,B
6526,27,1.0,40.20882930090527,,0.0,9,17.0,1977,0.011654127,B,B,4,915,0,,0,0,B
6491,6,3.0,80.52416501091461,40.70104008260464,1.0,6,1.0,2016,0.243204519,B,B,5,1564,0,540.0,0,0,B
14724,146,1.0,40.9583397249237,19.616120390003047,8.0,9,16.0,1981,0.236108458,B,B,16,3893,27,,3,10,B
6543,6,2.0,78.00296983906003,,1.0,3,17.0,1977,0.243204519,B,B,5,1564,0,540.0,0,0,B
4704,160,2.0,52.0086918646788,30.594945724907163,10.0,4,12.0,1978,0.0,B,B,39,8647,0,810.0,0,5,B
1048,1,2.0,65.36283658473874,,1.0,12,17.0,1977,0.007122317,B,B,1,264,0,,0,1,B
5615,6,2.0,57.66271738856253,36.87998289514661,9.0,7,9.0,2013,0.243204519,B,B,5,1564,0,540.0,0,0,B
928,61,2.0,45.54518102738886,30.041336571121988,6.0,6,9.0,1977,0.300322518,B,B,52,10311,6,,1,9,B
14610,26,2.0,77.82818763612575,41.30025075658016,14.0,15,17.0,2015,0.0,B,B,36,6714,2,2672.0,0,2,B
14459,27,1.0,47.80943210174076,47.777381898563135,1.0,14,1.0,1977,0.072157581,B,B,2,629,1,,0,0,A
12249,6,1.0,43.28614083958464,,0.0,12,17.0,1977,0.243204519,B,B,5,1564,0,540.0,0,0,B
8005,8,3.0,55.184067304702815,40.24913543155645,5.0,3,5.0,1966,0.43788524,B,B,23,5735,3,1084.0,0,5,B
2171,66,2.0,47.87330206990477,30.54999230293039,4.0,3,5.0,1960,0.161975568,B,A,31,7010,5,4508.0,3,7,B
12187,23,2.0,67.02750998541055,,1.0,2,17.0,1977,0.075778755,B,B,6,1437,3,,0,2,B
87,23,1.0,37.23558744603266,,1.0,5,3.0,1977,0.005767451,B,B,1,388,0,,0,0,B
4548,26,1.0,45.121576162958114,20.576724710244697,10.0,21,22.0,2012,0.1363303,B,B,30,6141,10,262.0,3,6,B
3078,6,1.0,41.62266636907175,20.375135662386576,7.0,9,17.0,2015,0.243204519,B,B,5,1564,0,540.0,0,0,B
14378,2,3.0,78.56146817868941,44.95831529903283,7.0,16,17.0,1972,0.309479124,B,B,35,7715,4,990.0,0,6,B
4149,91,2.0,47.43125670168568,31.96556364234341,5.0,5,5.0,1980,0.000995363,B,B,42,7651,1,,1,5,B
11491,54,1.0,78.18187266850681,75.20390138938626,1.0,1,15.0,2017,0.006076152,B,B,30,5285,0,645.0,6,6,B
3726,161,1.0,52.70849383766689,20.502344662972035,11.0,3,7.0,1911,0.014423114,B,B,19,3806,4,,0,3,B
11005,23,3.0,84.44533637955705,,1.0,16,1.0,2016,0.034656082,B,B,0,168,0,,0,0,B
16166,31,2.0,88.18601207698258,54.253581569612805,16.0,31,40.0,2012,0.151346216,B,A,32,5889,10,830.0,4,1,B
15608,1,2.0,63.56994092179019,,10.0,16,17.0,1977,0.007122317,B,B,1,264,0,,0,1,B
13453,13,2.0,64.0284445542039,35.12994731406149,10.0,14,22.0,1998,0.090799103,B,B,74,19083,2,,5,15,B
8982,31,4.0,131.7865694218907,73.10774138397294,15.0,9,18.0,2012,0.0,B,B,23,3684,2,,0,4,B
14780,144,2.0,68.07955919996544,35.14832232351565,11.0,4,17.0,2004,0.306977489,B,B,27,5148,14,1575.0,5,7,B
3531,3,1.0,38.052598703234246,22.84464460709457,9.0,5,14.0,1975,0.050900058,B,B,43,10621,1,30.0,2,3,B
13691,27,1.0,38.990808662488135,36.85458567665953,1.0,4,15.0,2014,0.011654127,B,B,4,915,0,,0,0,B
8603,1,2.0,62.99129525485287,34.24626875310812,10.0,8,22.0,1992,0.025609157,B,B,33,5261,0,240.0,3,1,B
1156,12,3.0,78.05515938083218,45.90856071526697,10.0,12,16.0,1984,0.090799103,B,B,74,19083,2,,5,15,B
13075,101,3.0,77.34014534492799,53.38421356538922,10.0,5,5.0,1959,0.225824954,A,B,41,6558,7,1548.0,3,2,B
14113,27,1.0,33.31821814724473,20.315534772105877,5.0,6,5.0,1981,0.051815435,B,B,5,1227,0,,0,0,B
13459,1,1.0,40.0929429686836,,1.0,6,17.0,1977,0.007122317,B,B,1,264,0,,0,1,B
15777,27,1.0,41.22307894813133,42.426247838899776,1.0,13,17.0,2015,0.011654127,B,B,4,915,0,,0,0,B
11513,1,1.0,37.48405677665481,40.59303648295684,0.0,4,17.0,1977,0.007122317,B,B,1,264,0,,0,1,B
16596,53,1.0,37.92172578665009,23.00274034493492,6.0,8,9.0,1974,0.313924552,B,B,22,4625,11,3855.0,2,10,B
76,45,2.0,65.46692669064807,63.34006075613018,1.0,22,22.0,2015,0.195781053,B,B,23,5212,6,,3,2,B
4022,27,3.0,58.146896504950845,41.21769778186764,7.0,5,9.0,1979,0.211401214,B,B,9,1892,0,,0,1,B
10350,6,3.0,79.27431299641455,81.63637343610553,10.0,11,17.0,2017,0.243204519,B,B,5,1564,0,540.0,0,0,B
3308,30,1.0,39.21252608315883,,1.0,15,15.0,2018,7.81528e-05,B,B,22,6398,141,1046.0,3,23,B
10908,75,3.0,57.702591993747546,38.033938261289066,5.0,3,9.0,1976,0.307466659,B,A,30,5048,9,325.0,2,5,B
3555,93,2.0,58.24019529818271,33.757580221080296,9.0,13,24.0,2014,0.050900058,B,B,43,10621,1,30.0,2,3,B
8065,9,1.0,46.99659303712546,25.320497206595466,8.0,13,12.0,1978,0.13012277,B,B,8,1986,0,,0,0,B
4538,28,2.0,47.626655728883456,27.797065814631985,6.0,4,9.0,1976,0.428825818,B,B,25,5011,8,730.0,0,2,B
6886,155,1.0,33.07777294208548,17.98219482650871,7.0,7,12.0,1972,0.042307271,B,B,17,2810,9,4849.0,3,6,B
3001,140,1.0,34.93945068699387,18.416924574163826,6.0,4,5.0,1961,0.23861713,B,B,26,3889,6,705.0,3,6,B
8469,167,3.0,50.90270728796192,33.92377006433001,5.0,4,5.0,1956,0.050272014,B,B,21,4231,14,1020.0,0,3,B
12398,32,3.0,65.51255803370036,45.15210020116864,7.0,5,9.0,1970,0.135649789,B,B,46,7960,6,350.0,3,11,B
3528,9,2.0,60.72022967076947,36.68971084897032,10.0,16,17.0,1992,0.13012277,B,B,8,1986,0,,0,0,B
16292,47,1.0,46.07429443193083,21.12862194632736,8.0,7,14.0,2007,0.101872465,B,B,23,4583,3,,3,3,B
14661,27,2.0,67.47021920374242,32.28464194468871,1.0,5,1.0,1977,0.017647053,B,B,2,469,0,,0,0,B
7264,27,3.0,47.6455506446457,,0.0,26,25.0,1977,0.072157581,B,B,2,629,1,,0,0,A
4134,9,3.0,66.99652234085981,41.69985846886339,8.0,6,12.0,1980,0.136244425,B,B,11,2370,0,,0,1,B
2158,27,2.0,65.64769300184166,60.727850739324296,1.0,8,17.0,2017,0.011654127,B,B,4,915,0,,0,0,B
2681,27,1.0,43.741749881398135,,1.0,5,17.0,2016,0.211401214,B,B,9,1892,0,,0,1,B
11174,6,1.0,81.72292744471572,2.009251247662834,1.0,3,1.0,1977,0.243204519,B,B,5,1564,0,540.0,0,0,B
3249,70,1.0,36.04589052068201,21.59877795600963,7.0,8,9.0,1974,0.002211665,B,B,39,7614,3,,1,5,A
9073,6,1.0,38.52108688308654,,1.0,17,17.0,1977,0.243204519,B,B,5,1564,0,540.0,0,0,B
1139,6,2.0,63.5173347059491,,1.0,25,25.0,2017,0.243204519,B,B,5,1564,0,540.0,0,0,B
10974,48,1.0,33.427204975067575,33.76153207029844,9.0,5,22.0,1987,0.041124634,B,B,46,9515,5,,1,10,B
1318,161,2.0,63.05582280028228,39.44425864541748,10.0,18,20.0,2013,0.0006991189999999,B,B,14,3369,24,4129.0,0,3,B
11672,69,2.0,56.98516272366658,32.460362286705035,9.0,7,17.0,2005,0.000991363,B,B,33,6783,3,,1,9,B
14715,71,3.0,84.42306715375352,53.18829804902927,11.0,9,25.0,2008,0.033493708,B,B,66,10573,1,1322.0,3,8,B
11319,58,2.0,62.3646995071319,34.54200383382101,12.0,2,10.0,2003,0.31019913,B,B,11,2748,1,,0,0,B
3081,179,2.0,51.41634476261211,34.18658068196778,9.0,8,12.0,1969,0.037316452,B,B,32,6748,93,562.0,4,10,B
15628,3,1.0,36.91072424867664,19.40559485377884,7.0,3,12.0,1976,0.050900058,B,B,43,10621,1,30.0,2,3,B
7289,23,2.0,57.14586526010635,,1.0,10,17.0,1977,0.075778755,B,B,6,1437,3,,0,2,B
11427,23,2.0,47.362594939138965,49.55439382950404,10.0,14,12.0,1977,0.034656082,B,B,0,168,0,,0,0,B
13831,6,2.0,65.98806791340026,60.24258345323662,1.0,18,17.0,2014,0.243204519,B,B,5,1564,0,540.0,0,0,B
10694,23,2.0,54.24733604358449,,1.0,9,12.0,1977,0.034656082,B,B,0,168,0,,0,0,B
4485,13,1.0,39.185108673316826,20.403369510599564,8.0,11,16.0,2002,0.133215333,B,B,49,11395,3,1406.0,3,4,A
16449,94,1.0,41.44729547397949,23.919446956212237,8.0,15,14.0,1993,0.521867054,B,B,25,6149,0,,0,0,B
5299,96,3.0,82.53705150415196,48.58235360588142,10.0,4,14.0,2004,0.041116354,B,B,53,14892,4,,1,4,B
1474,74,1.0,48.03187756107896,,0.0,7,0.0,1977,0.075778755,B,B,6,1437,3,,0,2,B
15765,91,1.0,38.85125226373292,23.05349314082528,9.0,4,12.0,1971,0.333891544,B,B,30,6564,1,,0,0,B
11914,26,3.0,72.3710925412428,47.2670315130109,10.0,2,17.0,2000,0.0,B,B,36,6714,2,2672.0,0,2,B
13621,3,2.0,41.23555102490317,22.60174922595389,6.0,4,14.0,1975,0.050900058,B,B,43,10621,1,30.0,2,3,B
266,27,1.0,46.71832081226327,2.8796712638818147,1.0,13,1.0,1977,0.072157581,B,B,2,629,1,,0,0,A
10588,113,2.0,71.82875388902875,35.714191403901594,10.0,6,22.0,2004,0.050755569,B,B,24,5469,1,145.0,0,1,B
9831,62,3.0,55.68532164582656,34.42862814427498,6.0,4,9.0,1980,0.037177818,B,B,52,11217,1,2300.0,1,7,B
13160,138,2.0,45.30204566036601,30.67973834553045,6.0,1,5.0,1966,0.014423114,B,B,19,3806,4,,0,3,B
10988,67,1.0,32.90998121937015,18.307198788505318,7.0,10,12.0,1978,0.100455735,B,B,43,7227,0,,1,6,A
10208,11,3.0,59.28946961032725,44.665537148171474,5.0,5,5.0,1964,0.038692987,B,B,28,6533,1,1015.0,2,5,B
9314,124,2.0,43.81262188608829,25.455828228739005,6.0,11,12.0,1968,0.122090347,B,B,29,6566,7,1894.0,4,0,B
13464,161,2.0,35.90870976308535,21.62731584711248,6.0,5,9.0,1972,0.014423114,B,B,19,3806,4,,0,3,B
2691,187,1.0,39.38972933150303,22.96778866761227,7.0,9,12.0,2000,0.041116354,B,B,53,14892,4,,1,4,B
11051,21,3.0,84.16554795996831,48.98022269362568,10.0,8,16.0,1981,0.194489265,B,B,47,8004,3,125.0,3,5,B
7840,46,3.0,77.54370827287322,52.90704362724434,9.0,4,4.0,1962,0.188783766,B,B,31,6137,4,,0,1,B
15521,72,3.0,67.61670453550299,40.21576540180365,8.0,9,9.0,1977,0.210473241,B,B,11,2398,2,1994.0,3,0,B
8236,48,2.0,80.6137132884967,82.49179856169965,1.0,20,1.0,2014,0.041124634,B,B,46,9515,5,,1,10,B
450,27,2.0,66.23566238810594,,0.0,2,0.0,1977,0.072157581,B,B,2,629,1,,0,0,A
3162,94,3.0,60.16070169698512,45.10268597647149,5.0,3,9.0,1970,0.282797669,B,B,33,8667,2,,0,6,B
4604,96,1.0,38.368223090416,19.93197444209955,8.0,11,17.0,1996,0.041116354,B,B,53,14892,4,,1,4,B
3576,121,3.0,78.98523475549227,49.73110360218611,10.0,3,14.0,1998,0.212515361,B,B,19,3293,16,628.0,3,7,B
15208,184,3.0,125.53817797753705,126.4730348064992,1.0,8,6.0,2014,0.246623602,B,B,14,2940,45,,3,6,B
1580,4,3.0,66.88700413597114,39.40710929174745,5.0,3,5.0,1930,0.042031587,B,B,37,6856,84,1940.0,2,5,B
5923,98,1.0,38.6566738530624,19.604756428202958,7.0,10,17.0,2008,0.195781053,B,B,23,5212,6,,3,2,B
12679,43,4.0,90.754032438659,64.51042776180995,7.0,5,5.0,1929,0.212515361,B,B,19,3293,16,628.0,3,7,B
5013,57,2.0,63.028650824145686,36.11260435755962,12.0,3,12.0,2003,0.090799103,B,B,74,19083,2,,5,15,B
143,63,3.0,74.72740474286606,45.71902012369876,10.0,4,17.0,1999,0.23861713,B,B,26,3889,6,705.0,3,6,B
6445,192,3.0,63.118448260727455,44.97807245512867,8.0,4,8.0,1961,0.225824954,A,B,41,6558,7,1548.0,3,2,B
11373,6,3.0,81.86683460288094,,1.0,6,17.0,1977,0.243204519,B,B,5,1564,0,540.0,0,0,B
4819,31,3.0,61.22696118742204,49.0405886972996,5.0,4,5.0,1960,0.151346216,B,A,32,5889,10,830.0,4,1,B
193,31,1.0,37.672993658950574,20.50293596531191,9.0,8,14.0,1975,0.0,B,B,23,3684,2,,0,4,B
8675,19,2.0,42.96354767451199,27.978376872571165,5.0,5,5.0,1964,0.309479124,B,B,35,7715,4,990.0,0,6,B
1165,27,1.0,2.3721005040841523,1.8991192070089515,1.0,2,17.0,1977,0.011654127,B,B,4,915,0,,0,0,B
764,23,2.0,64.84457592399487,63.53210620373582,1.0,12,17.0,1977,0.075778755,B,B,6,1437,3,,0,2,B
5894,53,1.0,40.40398925345367,,1.0,21,22.0,1977,0.049637257,B,B,34,7759,0,229.0,1,3,B
7741,94,1.0,42.65741952156207,22.5057685643746,10.0,17,22.0,1995,0.282797669,B,B,33,8667,2,,0,6,B
16737,37,1.0,40.93623001391845,22.130099039083067,7.0,11,17.0,2006,0.178916796,B,B,18,3594,4,192.0,1,5,B
11623,99,2.0,55.706308633171695,34.89759724477784,9.0,14,14.0,1998,0.033493708,B,B,66,10573,1,1322.0,3,8,B
10168,58,1.0,52.11562251563713,,0.0,8,9.0,1977,0.43788524,B,B,23,5735,3,1084.0,0,5,B
10486,6,1.0,42.5163353717777,,7.0,13,17.0,1977,0.243204519,B,B,5,1564,0,540.0,0,0,B
9571,124,2.0,49.97217545959135,29.37315855026452,5.0,8,14.0,1976,0.16909109,B,B,19,3856,10,,2,5,B
9473,27,2.0,57.02175248870378,,1.0,10,19.0,1977,0.211401214,B,B,9,1892,0,,0,1,B
12525,31,1.0,37.29237442322599,17.440489394353072,5.0,5,5.0,1962,0.151346216,B,A,32,5889,10,830.0,4,1,B
487,52,2.0,55.35756440221504,,1.0,18,17.0,1977,0.371148999,B,B,34,7065,1,750.0,2,5,B
1359,6,2.0,60.072328057408654,,15.0,20,25.0,1977,0.243204519,B,B,5,1564,0,540.0,0,0,B
5553,22,3.0,80.68829375466234,,1.0,7,1.0,1977,0.118537385,B,B,30,6207,1,1183.0,1,0,B
5848,1,1.0,40.178924609776345,,1.0,17,17.0,1977,0.007122317,B,B,1,264,0,,0,1,B
14316,0,1.0,63.1956371657265,23.246574567320657,12.0,18,19.0,2012,0.006076152,B,B,30,5285,0,645.0,6,6,B
6910,3,1.0,38.78799930878896,19.878572122602154,8.0,8,16.0,1984,0.050900058,B,B,43,10621,1,30.0,2,3,B
64,39,1.0,45.07407883523329,14.823382316577652,12.0,13,17.0,2006,0.428825818,B,B,25,5011,8,730.0,0,2,B
2007,30,3.0,83.80187923926731,,1.0,8,1.0,1977,7.81528e-05,B,B,22,6398,141,1046.0,3,23,B
6453,29,1.0,33.566347659815925,20.65683038688094,5.0,5,5.0,1965,0.069660344,B,B,31,6119,4,,1,2,B
6206,59,2.0,78.53043555955044,,0.0,7,0.0,1977,0.019508796,B,B,37,7687,11,176.0,5,5,B
11958,56,3.0,79.95395047392044,47.90546432514435,10.0,6,17.0,1988,0.0,B,B,23,5067,4,,2,6,B
7817,81,2.0,43.006785389992295,27.341873416026186,5.0,5,5.0,1964,0.006076152,B,B,30,5285,0,645.0,6,6,B
1655,95,1.0,44.94350122950068,,0.0,4,0.0,1977,0.0006991189999999,B,B,14,3369,24,4129.0,0,3,B
16427,83,2.0,45.515496284427925,29.351647023550072,5.0,3,9.0,1976,0.0077202819999999,B,B,38,4788,2,,0,4,B
7950,113,3.0,66.64786232722565,49.58096335918374,8.0,15,16.0,1988,0.060753049,B,B,15,2787,2,520.0,0,7,B
776,27,2.0,45.37888764454068,34.52689835823218,5.0,6,5.0,1978,0.051815435,B,B,5,1227,0,,0,0,B
7894,25,2.0,81.3104153737153,47.528986059439625,14.0,22,25.0,2010,0.069753361,B,B,53,13670,4,,1,11,B
6677,9,2.0,58.91537935453077,34.23153912475935,10.0,6,10.0,1993,0.161531741,B,B,25,5648,1,30.0,2,4,B
4024,83,1.0,39.99037017279849,23.636319786554107,8.0,15,17.0,1987,0.0077202819999999,B,B,38,4788,2,,0,4,B
1503,62,2.0,46.25205569839256,23.809926927165733,6.0,11,14.0,1975,0.002211665,B,B,39,7614,3,,1,5,A
6451,85,2.0,54.54417975062968,36.21229236031693,9.0,12,16.0,1981,0.037177818,B,B,52,11217,1,2300.0,1,7,B
16744,61,2.0,58.82480403733484,29.81780640169757,9.0,6,22.0,2012,0.300322518,B,B,52,10311,6,,1,9,B
12869,33,3.0,68.89113188356991,43.21735527873399,9.0,2,16.0,1973,0.051942062,B,B,17,4017,7,800.0,2,0,B
10706,62,2.0,54.46641963951477,35.320680112427304,9.0,16,16.0,1977,0.037177818,B,B,52,11217,1,2300.0,1,7,B
16012,23,1.0,37.41819826860562,,0.0,5,7.0,1977,0.034656082,B,B,0,168,0,,0,0,B
1976,175,3.0,81.90175620308807,52.88740017979117,10.0,2,8.0,1962,0.037316452,B,B,32,6748,93,562.0,4,10,B
3008,44,3.0,63.72514894182347,47.1521608196654,6.0,11,9.0,1969,0.036122292,B,B,24,4378,0,1036.0,1,1,B
1845,46,1.0,33.72159411912663,17.694860976983485,5.0,4,5.0,1966,0.0,B,B,47,11319,0,1145.0,3,5,B
7991,7,1.0,38.53303673000283,37.94709994162268,1.0,2,16.0,1986,0.130617806,B,B,39,10418,9,900.0,1,9,B
7681,75,2.0,54.66585067931095,34.39782199376174,8.0,6,16.0,1976,0.307466659,B,A,30,5048,9,325.0,2,5,B
1624,48,1.0,40.56213506677054,39.91187466398589,1.0,12,1.0,2016,0.041124634,B,B,46,9515,5,,1,10,B
12070,101,2.0,41.94979547771488,23.226372958286497,6.0,5,12.0,1972,0.225824954,A,B,41,6558,7,1548.0,3,2,B
5782,27,2.0,58.35843641236407,61.30091905769744,10.0,4,17.0,2014,0.011654127,B,B,4,915,0,,0,0,B
278,93,2.0,52.39041785880824,30.487995746470137,8.0,13,12.0,1985,0.050900058,B,B,43,10621,1,30.0,2,3,B
16714,26,2.0,43.11754844033464,26.752308997006512,5.0,5,5.0,1967,0.0,B,B,36,6714,2,2672.0,0,2,B
15213,52,3.0,101.46178193304696,55.63918319381952,10.0,19,23.0,2011,0.371148999,B,B,34,7065,1,750.0,2,5,B
12736,9,3.0,89.2439640308897,45.99828585634443,10.0,16,22.0,1987,0.136244425,B,B,11,2370,0,,0,1,B
13187,30,1.0,96.14639392203196,81.32980827830714,5.0,12,39.0,2012,7.81528e-05,B,B,22,6398,141,1046.0,3,23,B
11985,1,2.0,66.56207107935955,66.4415603132246,1.0,9,20.0,1977,0.007122317,B,B,1,264,0,,0,1,B
6461,101,1.0,41.36533248568241,22.02057496169424,8.0,13,14.0,2003,0.038692987,B,B,28,6533,1,1015.0,2,5,B
10877,9,3.0,87.32609655242695,48.701134930089786,10.0,20,22.0,1988,0.136244425,B,B,11,2370,0,,0,1,B
4855,1,1.0,41.39383967632886,21.689185402367148,10.0,4,22.0,2007,0.025609157,B,B,33,5261,0,240.0,3,1,B
3196,27,3.0,105.95036744135317,,1.0,3,6.0,1977,0.07542368,B,B,11,3097,0,,0,0,B
9398,58,2.0,70.99900775429991,,17.0,13,15.0,2020,0.43788524,B,B,23,5735,3,1084.0,0,5,B
15888,27,2.0,56.628474103948186,59.02569917223958,10.0,12,17.0,1977,0.011654127,B,B,4,915,0,,0,0,B
3927,103,1.0,37.70311822947968,23.780611724029704,9.0,15,16.0,1984,0.0006991189999999,B,B,14,3369,24,4129.0,0,3,B
4816,89,2.0,58.69490814155216,37.92669749860402,7.0,4,8.0,1963,0.151346216,B,A,32,5889,10,830.0,4,1,B
3238,13,1.0,38.70694320605964,20.38525122390129,10.0,17,22.0,1996,0.090799103,B,B,74,19083,2,,5,15,B
2564,30,2.0,66.88187217218349,,1.0,11,17.0,1977,7.81528e-05,B,B,22,6398,141,1046.0,3,23,B
1899,76,3.0,102.78122046187325,58.28680183308729,13.0,22,21.0,2012,0.0,B,B,7,1660,39,1786.0,1,5,B
4722,104,4.0,81.55730568866873,81.6473778021562,11.0,10,10.0,1955,0.212515361,B,B,19,3293,16,628.0,3,7,B
7742,55,2.0,54.75165696064707,33.426666924130146,8.0,3,14.0,1996,0.041365446,B,B,31,5569,0,,1,4,B
6599,159,3.0,68.95200823319202,42.74801198057104,7.0,3,8.0,1934,0.246623602,B,B,14,2940,45,,3,6,B
7577,115,2.0,47.08394719262875,29.63015311272891,5.0,4,5.0,1962,1.8e-09,B,B,16,3681,73,1815.0,2,5,B
3543,120,1.0,42.54209203640937,20.162828488856547,8.0,17,17.0,1997,0.0006991189999999,B,B,14,3369,24,4129.0,0,3,B
2048,21,2.0,55.23813649347084,32.538587439651145,8.0,13,12.0,1983,0.194489265,B,B,47,8004,3,125.0,3,5,B
1506,17,3.0,126.52503365285676,128.23007768938714,12.0,8,15.0,2014,0.093442564,B,B,23,4635,5,3300.0,2,4,B
15989,62,1.0,47.095405501415,,0.0,4,0.0,1977,0.072157581,B,B,2,629,1,,0,0,A
3744,62,3.0,83.3345401554866,,0.0,6,0.0,1977,0.072157581,B,B,2,629,1,,0,0,A
10222,55,2.0,56.35612102337564,32.72022154882839,8.0,11,14.0,1991,0.041365446,B,B,31,5569,0,,1,4,B
3458,101,1.0,19.04389412684894,13.941145028428163,3.0,4,5.0,1970,0.225824954,A,B,41,6558,7,1548.0,3,2,B
15030,58,1.0,49.843528350129965,,1.0,4,9.0,1977,0.43788524,B,B,23,5735,3,1084.0,0,5,B
3644,6,3.0,82.50410295433498,,1.0,18,17.0,1977,0.243204519,B,B,5,1564,0,540.0,0,0,B
15771,23,3.0,105.59883863423885,,1.0,22,25.0,1977,0.075778755,B,B,6,1437,3,,0,2,B
2535,93,1.0,43.05703335444503,23.04479043030352,8.0,14,17.0,2010,0.041116354,B,B,53,14892,4,,1,4,B
1129,83,3.0,78.16075421670783,48.9452006002049,10.0,12,17.0,1986,0.0077202819999999,B,B,38,4788,2,,0,4,B
15859,13,3.0,82.31104819265433,45.73843640064102,12.0,12,17.0,2001,0.090799103,B,B,74,19083,2,,5,15,B
11717,1,2.0,77.01609387494601,77.5320388516305,0.0,10,9.0,1977,0.007122317,B,B,1,264,0,,0,1,B
10028,69,3.0,75.9558882819494,48.91518203180487,10.0,8,16.0,1984,0.000991363,B,B,33,6783,3,,1,9,B
16531,93,3.0,136.38939120926491,136.68919128618822,0.0,1,1.0,1977,0.004949358,B,B,0,186,0,,0,0,B
5755,180,2.0,68.4487828980041,44.54843349938272,7.0,8,7.0,1929,0.037316452,B,B,32,6748,93,562.0,4,10,B
12755,32,2.0,58.90007371532232,34.73070696368488,8.0,18,24.0,1997,0.135649789,B,B,46,7960,6,350.0,3,11,B
11609,32,2.0,56.97598363222389,34.58081538186071,10.0,15,22.0,2010,0.135649789,B,B,46,7960,6,350.0,3,11,B
8301,1,2.0,64.67644465593514,,1.0,17,17.0,1977,0.007122317,B,B,1,264,0,,0,1,B
8102,3,1.0,40.0257239874583,19.90966675650783,7.0,10,17.0,2004,0.050900058,B,B,43,10621,1,30.0,2,3,B
891,85,2.0,65.55069031351593,61.68927974726668,10.0,13,22.0,1988,0.037177818,B,B,52,11217,1,2300.0,1,7,B
13566,141,3.0,67.09662526343965,47.496636301009005,7.0,1,5.0,1953,0.0006991189999999,B,B,14,3369,24,4129.0,0,3,B
4499,99,2.0,56.39647501836508,29.173768485531543,11.0,1,16.0,1997,0.012338886,B,B,35,5776,1,2078.0,2,4,B
7127,69,3.0,74.0297696255355,43.34754809163996,10.0,8,23.0,1986,0.0,B,B,18,3374,5,620.0,1,2,B
1127,61,2.0,48.53756249209019,30.751863895544453,6.0,3,12.0,1975,0.300322518,B,B,52,10311,6,,1,9,B
16325,19,2.0,59.49924253949579,34.31478893732645,10.0,7,17.0,2007,0.309479124,B,B,35,7715,4,990.0,0,6,B
10448,17,3.0,79.71973477967563,50.85510623749568,10.0,6,17.0,1983,0.093442564,B,B,23,4635,5,3300.0,2,4,B
9663,27,2.0,88.22319731489117,48.54797239140474,16.0,5,14.0,2007,0.051815435,B,B,5,1227,0,,0,0,B
11651,3,1.0,40.11768891770818,24.646038170932503,7.0,12,16.0,1973,0.050900058,B,B,43,10621,1,30.0,2,3,B
3282,93,1.0,39.73406818453108,21.235415990070805,8.0,5,14.0,1986,0.521867054,B,B,25,6149,0,,0,0,B
7316,61,2.0,51.57892990741471,33.259663244119785,8.0,13,17.0,1989,0.300322518,B,B,52,10311,6,,1,9,B
8249,58,1.0,39.7683400120084,22.41394259970384,8.0,10,10.0,2005,0.31019913,B,B,11,2748,1,,0,0,B
3883,3,2.0,62.94609680973591,38.29646711140192,10.0,17,17.0,1984,0.050900058,B,B,43,10621,1,30.0,2,3,B
2778,99,1.0,56.233048668067006,31.680272117066487,11.0,4,16.0,1978,0.033493708,B,B,66,10573,1,1322.0,3,8,B
8363,1,2.0,73.6484433277567,35.36836896994535,9.0,23,25.0,2011,0.025609157,B,B,33,5261,0,240.0,3,1,B
4066,74,3.0,111.47404050008112,111.6022035595422,17.0,13,15.0,2016,0.075778755,B,B,6,1437,3,,0,2,B
16629,151,1.0,32.11344868416979,22.077257160114712,6.0,8,9.0,1976,0.236108458,B,B,16,3893,27,,3,10,B
3087,23,2.0,60.15504790045204,,1.0,13,17.0,1977,0.075778755,B,B,6,1437,3,,0,2,B
6443,3,3.0,66.63619851265322,43.66309309319322,9.0,5,14.0,1973,0.050900058,B,B,43,10621,1,30.0,2,3,B
14850,124,2.0,45.710070471365576,28.425434561451176,5.0,7,5.0,1968,0.122090347,B,B,29,6566,7,1894.0,4,0,B
11971,169,2.0,67.94555137697529,69.26308549302902,1.0,2,2.0,2017,0.178916796,B,B,18,3594,4,192.0,1,5,B
11528,21,2.0,44.75758049015514,32.83752383028055,6.0,5,5.0,1961,0.034331497,B,B,25,5487,3,,0,4,B
4060,21,2.0,40.30206377940132,23.555039824988555,6.0,14,12.0,1967,0.194489265,B,B,47,8004,3,125.0,3,5,B
11094,3,1.0,43.06559559391794,22.82642146807039,8.0,8,12.0,1983,0.050900058,B,B,43,10621,1,30.0,2,3,B
8770,60,2.0,52.33592488103741,31.799608520806647,6.0,9,14.0,1978,0.007658515,B,B,35,7077,56,2301.0,3,19,B
6914,93,2.0,48.56274186178487,29.0119245662584,6.0,6,9.0,1978,0.050900058,B,B,43,10621,1,30.0,2,3,B
13771,27,2.0,57.79582814583778,,1.0,9,15.0,2015,0.011654127,B,B,4,915,0,,0,0,B
4306,69,3.0,80.06678399846665,49.212077040152224,10.0,9,16.0,1985,0.000991363,B,B,33,6783,3,,1,9,B
6791,1,3.0,72.02327542455551,2.470855692268123,1.0,4,24.0,1977,0.007122317,B,B,1,264,0,,0,1,B
14818,48,3.0,50.442545421042006,37.61152476186811,6.0,5,9.0,1982,0.041124634,B,B,46,9515,5,,1,10,B
5450,51,2.0,51.85133641053128,32.114051612620486,7.0,14,14.0,1956,0.015016892,B,B,17,3079,59,2890.0,0,8,B
4836,0,3.0,57.966828817377845,37.290753088037846,5.0,3,8.0,1963,0.319809354,B,B,25,4756,16,2857.0,5,8,B
14358,67,1.0,43.85707863238357,46.22643307356097,1.0,20,22.0,1977,0.0077202819999999,B,B,38,4788,2,,0,4,B
14274,47,4.0,101.55065354892908,60.17443519975215,9.0,5,24.0,2011,0.197367951,B,B,8,2423,1,32.0,0,1,B
6760,38,1.0,46.12544858899494,,1.0,4,17.0,1977,0.060753049,B,B,15,2787,2,520.0,0,7,B
6937,103,4.0,92.49976840780153,64.32565950679445,7.0,3,10.0,1958,0.0006991189999999,B,B,14,3369,24,4129.0,0,3,B
14902,28,1.0,39.5646130852,21.490468835453036,9.0,14,16.0,1986,0.118537385,B,B,30,6207,1,1183.0,1,0,B
14466,84,3.0,78.53758483988389,50.51252981264494,7.0,2,5.0,1956,0.006076152,B,B,30,5285,0,645.0,6,6,B
6269,145,3.0,77.73784627391966,47.446026222326566,12.0,18,17.0,2005,0.246031548,B,A,22,3151,4,2715.0,3,3,B
5856,1,2.0,62.78509546760901,,1.0,5,22.0,1977,0.007122317,B,B,1,264,0,,0,1,B
12953,170,3.0,82.43411452510243,53.30585522413501,8.0,14,14.0,1975,0.21843974,B,B,21,4472,6,1450.0,4,7,A
15806,12,3.0,76.53652641376584,49.341327788929966,10.0,12,16.0,1984,0.090799103,B,B,74,19083,2,,5,15,B
9967,149,1.0,43.67397021406908,20.564666972502845,10.0,7,22.0,2006,0.041116354,B,B,53,14892,4,,1,4,B
4270,1,1.0,45.91426626173156,,1.0,8,24.0,1977,0.007122317,B,B,1,264,0,,0,1,B
430,46,1.0,38.38930714124699,23.51992066440484,7.0,15,21.0,1994,0.0,B,B,47,11319,0,1145.0,3,5,B
8922,48,2.0,46.344407714575176,45.79569484795024,6.0,7,9.0,1981,0.041124634,B,B,46,9515,5,,1,10,B
5839,23,1.0,44.28046728110101,,1.0,25,25.0,1977,0.075778755,B,B,6,1437,3,,0,2,B
1213,6,3.0,76.88427810837435,2.063414960956921,1.0,13,17.0,1977,0.243204519,B,B,5,1564,0,540.0,0,0,B
11100,18,1.0,51.73750759592284,30.524222511095232,1.0,2,1.0,1977,0.0,B,B,30,5562,0,,0,5,A
3204,128,2.0,62.08212168220585,,0.0,2,3.0,1977,0.0,B,B,27,4798,0,30.0,2,8,B
9903,67,1.0,34.65381300459845,22.549847876854,6.0,7,9.0,1976,0.0077202819999999,B,B,38,4788,2,,0,4,B
7009,46,2.0,49.2739815503591,29.52187617932179,6.0,9,9.0,1974,0.0,B,B,47,11319,0,1145.0,3,5,B
12144,128,1.0,39.40216930841053,21.149389319690872,8.0,9,14.0,1991,0.0,B,B,27,4798,0,30.0,2,8,B
13847,53,1.0,38.62020539009957,40.66350752328936,1.0,21,19.0,2016,0.049637257,B,B,34,7759,0,229.0,1,3,B
9533,96,1.0,40.780641483400494,21.004111138878027,10.0,5,12.0,2006,0.041116354,B,B,53,14892,4,,1,4,B
1222,9,3.0,79.10812413512404,47.846840273287,10.0,16,17.0,1995,0.069753361,B,B,53,13670,4,,1,11,B
7231,21,1.0,41.99692388230889,25.503178262736693,8.0,8,12.0,1978,0.194489265,B,B,47,8004,3,125.0,3,5,B
6105,23,2.0,64.57525633018204,,10.0,10,17.0,2018,0.075778755,B,B,6,1437,3,,0,2,B
3878,139,2.0,43.73242549138507,29.019878833170303,5.0,7,5.0,1962,0.122090347,B,B,29,6566,7,1894.0,4,0,B
15237,115,1.0,31.60521020875582,18.247346625369048,5.0,3,5.0,1962,1.8e-09,B,B,16,3681,73,1815.0,2,5,B
5430,101,1.0,38.74370289661279,22.87738591588361,6.0,4,9.0,1979,0.225824954,A,B,41,6558,7,1548.0,3,2,B
7813,124,1.0,38.4533939307614,22.61404926906141,9.0,5,14.0,1961,0.16909109,B,B,19,3856,10,,2,5,B
3434,19,2.0,57.2649564248274,35.82746332039963,8.0,3,5.0,1960,0.309479124,B,B,35,7715,4,990.0,0,6,B
11763,44,3.0,87.44207173223776,52.575332579279966,9.0,24,23.0,2008,0.232205084,B,B,24,4860,1,80.0,0,3,B
1814,1,1.0,41.11560894052037,41.17146392419938,0.0,4,17.0,1977,0.007122317,B,B,1,264,0,,0,1,B
7799,3,1.0,36.93082261471204,18.977519347566744,9.0,1,12.0,1971,0.265088676,B,B,37,5288,0,1937.0,3,2,B
1297,42,1.0,43.446218042593706,18.28785445311575,10.0,5,24.0,2009,0.158249043,B,B,21,5731,0,,1,0,B
4606,19,1.0,46.72675746606642,19.456422834464387,9.0,26,25.0,2002,0.000991363,B,B,33,6783,3,,1,9,B
1060,88,3.0,63.32311455680478,48.86704611416195,7.0,14,12.0,1973,0.127375905,B,B,43,8429,3,,3,9,B
11384,6,3.0,77.06377276635772,70.31303414128256,1.0,5,17.0,2016,0.243204519,B,B,5,1564,0,540.0,0,0,B
1602,155,1.0,44.138583292663135,20.289670724167248,9.0,5,6.0,1930,0.042307271,B,B,17,2810,9,4849.0,3,6,B
371,27,3.0,77.80249889983737,48.38158984337357,9.0,4,17.0,2011,0.07542368,B,B,11,3097,0,,0,0,B
2659,56,3.0,80.1962253828487,48.8005802228147,10.0,20,22.0,2003,0.0,B,B,23,5067,4,,2,6,B
4854,7,2.0,60.69826501126976,33.940843839373215,8.0,19,22.0,2009,0.035145267,B,B,42,9292,3,2620.0,0,3,B
10798,23,3.0,69.58489082726886,,1.0,1,3.0,1977,0.005767451,B,B,1,388,0,,0,0,B
13877,27,2.0,56.78226155296662,54.473735754962064,10.0,2,5.0,2015,0.07542368,B,B,11,3097,0,,0,0,B
14384,6,2.0,53.51691633612811,,1.0,4,17.0,1977,0.243204519,B,B,5,1564,0,540.0,0,0,B
15724,78,3.0,74.08463916462037,46.70340758687666,8.0,4,25.0,2012,0.092290642,B,B,21,4346,2,165.0,1,2,B
1278,47,1.0,41.49849752664512,22.45382652053375,8.0,16,14.0,2001,0.298204575,B,B,16,4048,3,,1,3,B
9089,80,2.0,48.666952841498926,30.99585260676777,6.0,10,9.0,1976,0.0077202819999999,B,B,38,4788,2,,0,4,B
2698,67,2.0,52.440109822707406,34.07909181168427,10.0,14,12.0,1980,0.100455735,B,B,43,7227,0,,1,6,A
12705,7,2.0,47.67830888001247,29.57709458559742,5.0,5,5.0,1968,0.130617806,B,B,39,10418,9,900.0,1,9,B
1944,30,2.0,67.14961142112578,,1.0,14,17.0,1977,7.81528e-05,B,B,22,6398,141,1046.0,3,23,B
8673,27,1.0,47.058040732585056,,1.0,4,16.0,2015,0.072157581,B,B,2,629,1,,0,0,A
14803,6,2.0,62.75938238886457,,1.0,12,17.0,1977,0.243204519,B,B,5,1564,0,540.0,0,0,B
8311,53,1.0,38.74789725849215,21.60202040694776,8.0,15,24.0,2020,0.049637257,B,B,34,7759,0,229.0,1,3,B
10964,101,1.0,31.05021625752945,21.777253568414583,6.0,3,5.0,1958,0.225824954,A,B,41,6558,7,1548.0,3,2,B
15313,76,1.0,37.58702793369136,15.039961283814428,7.0,3,9.0,1965,0.0,B,B,7,1660,39,1786.0,1,5,B
2181,95,2.0,63.62035543591362,43.085218322210366,6.0,6,6.0,1929,0.341071945,B,B,27,5664,48,2300.0,3,11,B
4141,94,4.0,96.93312720933692,96.2829009845397,8.0,18,22.0,2015,0.282797669,B,B,33,8667,2,,0,6,B
16193,3,2.0,46.907623090520495,27.88147859889289,5.0,8,12.0,1973,0.050900058,B,B,43,10621,1,30.0,2,3,B
286,47,3.0,82.76310854201816,,1.0,15,22.0,1977,0.197367951,B,B,8,2423,1,32.0,0,1,B
8258,23,1.0,30.97890459393039,,1.0,7,12.0,1977,0.034656082,B,B,0,168,0,,0,0,B
4870,9,2.0,45.29117347113748,29.16548456137612,5.0,6,9.0,1975,0.13012277,B,B,8,1986,0,,0,0,B
270,83,1.0,32.287884366667484,18.334036634115648,6.0,8,9.0,1973,0.0077202819999999,B,B,38,4788,2,,0,4,B
987,45,3.0,82.06737828974852,,1.0,8,17.0,2015,0.195781053,B,B,23,5212,6,,3,2,B
10272,9,3.0,77.67927907920622,45.32494510197428,10.0,3,14.0,1992,0.161531741,B,B,25,5648,1,30.0,2,4,B
10926,27,3.0,81.91427796696803,,0.0,6,0.0,1977,0.017647053,B,B,2,469,0,,0,0,B
1764,167,2.0,55.267779537792336,33.11789028947921,8.0,14,12.0,1990,0.236108458,B,B,16,3893,27,,3,10,B
12457,30,2.0,62.31742242943879,,1.0,3,1.0,2015,7.81528e-05,B,B,22,6398,141,1046.0,3,23,B
8354,62,2.0,62.5937866412943,59.78684445263104,10.0,1,16.0,1981,0.002211665,B,B,39,7614,3,,1,5,A
2436,28,1.0,33.96336543862852,14.15236709301961,7.0,9,12.0,1988,0.118537385,B,B,30,6207,1,1183.0,1,0,B
15960,17,3.0,67.73089105109847,47.37240755135529,8.0,8,8.0,1961,0.0,B,B,25,5027,4,46.0,1,1,B
12168,41,1.0,44.757487405652455,23.50790608434121,8.0,9,12.0,1983,0.127811589,B,B,28,7287,5,320.0,1,3,B
2870,48,1.0,37.404287442720616,,1.0,11,1.0,2014,0.041124634,B,B,46,9515,5,,1,10,B
10815,42,2.0,59.5596079977575,32.05103903351943,12.0,6,9.0,2005,0.158249043,B,B,21,5731,0,,1,0,B
4445,61,3.0,64.91570302915984,43.59426054435693,8.0,2,16.0,1981,0.300322518,B,B,52,10311,6,,1,9,B
781,111,1.0,35.90778059903505,20.347566025844262,6.0,6,9.0,1968,0.135649789,B,B,46,7960,6,350.0,3,11,B
13452,84,2.0,46.01779955512664,27.66229520323308,5.0,8,9.0,1973,0.006076152,B,B,30,5285,0,645.0,6,6,B
16537,2,3.0,47.97305570752284,28.52566955656111,5.0,5,5.0,1960,0.0,B,B,33,7425,1,,2,5,B
12945,140,2.0,45.0998053843334,31.22307052990855,5.0,5,5.0,1962,0.23861713,B,B,26,3889,6,705.0,3,6,B
8021,23,2.0,54.0741457667719,34.382571981695214,9.0,9,17.0,2011,0.075778755,B,B,6,1437,3,,0,2,B
16727,6,3.0,76.82031094337486,43.19516397854557,12.0,15,17.0,2008,0.243204519,B,B,5,1564,0,540.0,0,0,B
10333,176,1.0,40.45925484366857,22.204869965191246,8.0,5,5.0,1960,0.08761909,B,B,8,1497,5,,1,0,B
12064,6,2.0,65.89741617272568,5.264992814972579,1.0,12,1.0,2015,0.243204519,B,B,5,1564,0,540.0,0,0,B
5845,111,1.0,33.984271075907024,22.95200251511988,5.0,4,5.0,1964,0.0,B,B,36,6714,2,2672.0,0,2,B
7778,5,2.0,43.41816938063175,21.590298239277963,9.0,2,7.0,1960,0.150817539,B,B,16,3433,4,2643.0,4,5,B
1257,80,2.0,55.82973026173838,30.340549390635733,8.0,12,14.0,1987,0.0,B,B,39,8647,0,810.0,0,5,B
2600,1,3.0,76.88518041611354,44.43330979690482,10.0,9,17.0,1994,0.025609157,B,B,33,5261,0,240.0,3,1,B
6615,6,1.0,44.79122298257181,42.17176923603591,1.0,6,17.0,2015,0.243204519,B,B,5,1564,0,540.0,0,0,B
11733,39,3.0,75.51646591244769,46.54491142166501,8.0,20,21.0,1993,0.428825818,B,B,25,5011,8,730.0,0,2,B
2873,6,3.0,77.93759822551998,,0.0,12,0.0,1977,0.243204519,B,B,5,1564,0,540.0,0,0,B
15199,119,1.0,33.05345305875188,20.1091822914892,5.0,4,5.0,1962,0.000995363,B,B,42,7651,1,,1,5,B
16734,56,1.0,41.77435417865932,23.47822259274657,8.0,14,17.0,1990,0.0,B,B,23,5067,4,,2,6,B
15248,2,3.0,99.00970911385905,58.47001645351887,12.0,15,16.0,1991,0.035145267,B,B,42,9292,3,2620.0,0,3,B
8350,93,2.0,49.43858303593925,33.12365430845393,9.0,5,12.0,1977,0.050900058,B,B,43,10621,1,30.0,2,3,B
12434,35,2.0,62.28974716718402,,1.0,18,17.0,2016,0.089039719,B,B,33,7976,5,,0,11,B
272,41,3.0,50.55302531149618,35.496396539080266,6.0,3,9.0,1975,0.036122292,B,B,24,4378,0,1036.0,1,1,B
510,30,3.0,83.03430064113046,82.61283614933097,1.0,17,17.0,2016,7.81528e-05,B,B,22,6398,141,1046.0,3,23,B
2106,2,2.0,46.312495973999866,31.9538060093018,6.0,8,9.0,1970,0.309479124,B,B,35,7715,4,990.0,0,6,B
772,49,2.0,54.02440075030214,28.383604740141312,9.0,19,17.0,2008,0.020741326,B,B,24,5613,5,1340.0,2,5,B
15578,44,1.0,31.423518471459488,17.298340570662287,5.0,9,9.0,1972,0.036122292,B,B,24,4378,0,1036.0,1,1,B
15837,66,2.0,42.82308060371631,26.447974276130072,4.0,4,9.0,1973,0.111627393,B,B,50,12238,8,1970.0,2,3,B
12123,6,1.0,40.44583605566729,18.660079683274333,9.0,10,17.0,2015,0.243204519,B,B,5,1564,0,540.0,0,0,B
10555,76,2.0,56.889618849320975,33.207699492935255,9.0,4,16.0,1975,0.0,B,B,7,1660,39,1786.0,1,5,B
7268,14,2.0,66.47972316303448,64.169820037615,10.0,14,17.0,2017,0.042031587,B,B,37,6856,84,1940.0,2,5,B
5922,67,3.0,71.8338652028187,40.89341966339873,8.0,4,16.0,1980,0.100455735,B,B,43,7227,0,,1,6,A
8596,47,2.0,48.11315961694912,30.408247218629988,5.0,9,9.0,1978,0.101872465,B,B,23,4583,3,,3,3,B
14801,1,2.0,63.14256906975294,66.21981509628355,1.0,11,24.0,2014,0.007122317,B,B,1,264,0,,0,1,B
4387,28,3.0,66.70398317110406,43.3425002492662,7.0,14,4.0,1974,0.118537385,B,B,30,6207,1,1183.0,1,0,B
5729,124,1.0,33.68030681079079,18.12588870219044,5.0,5,5.0,1959,0.16909109,B,B,19,3856,10,,2,5,B
11932,88,2.0,51.19078669690681,47.12738482120214,9.0,6,14.0,1972,0.127375905,B,B,43,8429,3,,3,9,B
186,74,2.0,80.08000580402965,,0.0,6,17.0,1977,0.075778755,B,B,6,1437,3,,0,2,B
578,23,3.0,91.2273605199884,52.27398159757582,10.0,8,17.0,2012,0.075778755,B,B,6,1437,3,,0,2,B
9139,27,2.0,43.6241110477055,24.653433145189947,6.0,4,5.0,1979,0.211401214,B,B,9,1892,0,,0,1,B
2008,94,2.0,48.693295697353975,32.25870261971564,5.0,7,9.0,1975,0.127375905,B,B,43,8429,3,,3,9,B
4508,62,1.0,40.59708002769785,,0.0,7,15.0,1977,0.072157581,B,B,2,629,1,,0,0,A
8593,1,2.0,47.851365072771394,33.667048014240216,6.0,5,12.0,1983,0.059456227,B,B,1,362,0,,0,0,B
5396,164,1.0,39.94622673930564,22.99451555252517,7.0,16,17.0,2004,0.486245621,B,B,13,2514,19,,0,6,B
14548,74,2.0,68.64332663658429,,1.0,7,17.0,1977,0.075778755,B,B,6,1437,3,,0,2,B
8086,30,1.0,38.5997459509462,,1.0,12,17.0,1977,7.81528e-05,B,B,22,6398,141,1046.0,3,23,B
222,2,1.0,37.27667678894607,22.538406119360825,9.0,4,14.0,1970,0.309479124,B,B,35,7715,4,990.0,0,6,B
15589,71,2.0,54.73818372647667,30.14730891826025,11.0,15,16.0,1983,0.407276235,A,B,9,1768,0,370.0,0,0,A
12408,30,2.0,72.27005721455815,,1.0,15,1.0,1977,7.81528e-05,B,B,22,6398,141,1046.0,3,23,B
721,29,1.0,39.24073097663606,21.31060259811018,6.0,5,5.0,1954,0.069660344,B,B,31,6119,4,,1,2,B
12326,11,2.0,50.78064055447042,30.62948717068501,5.0,8,12.0,1970,0.0001696759999999,B,B,36,5992,0,,1,1,B
563,1,2.0,66.92279301582506,64.3955932610271,1.0,4,17.0,1977,0.007122317,B,B,1,264,0,,0,1,B
15190,27,4.0,101.81314213606008,62.14606390817522,10.0,6,17.0,2006,0.041116354,B,B,53,14892,4,,1,4,B
15961,2,2.0,46.58879978093204,31.53435311451487,5.0,6,5.0,1969,0.309479124,B,B,35,7715,4,990.0,0,6,B
2464,88,3.0,87.87171565707352,,1.0,12,1.0,1977,0.127375905,B,B,43,8429,3,,3,9,B
5107,66,2.0,65.66268652961884,35.1948872175584,10.0,12,17.0,2010,0.111627393,B,B,50,12238,8,1970.0,2,3,B
11577,61,2.0,51.13145655687615,30.33128596972229,6.0,9,9.0,1977,0.300322518,B,B,52,10311,6,,1,9,B
859,144,4.0,100.9904278876644,72.31745784247971,9.0,2,5.0,1960,0.306977489,B,B,27,5148,14,1575.0,5,7,B
10672,42,3.0,81.42875762001425,48.61103342868251,8.0,7,9.0,2006,0.158249043,B,B,21,5731,0,,1,0,B
1872,30,2.0,52.44905662805961,52.79834949331681,1.0,17,17.0,2016,7.81528e-05,B,B,22,6398,141,1046.0,3,23,B
2235,27,2.0,62.83634993460206,4.8123375421822985,1.0,7,22.0,2018,0.211401214,B,B,9,1892,0,,0,1,B
6777,5,3.0,100.54667051636532,58.492936397264494,12.0,15,17.0,2019,0.150817539,B,B,16,3433,4,2643.0,4,5,B
8809,1,2.0,63.07667285772325,,1.0,13,17.0,1977,0.007122317,B,B,1,264,0,,0,1,B
15188,31,1.0,55.065799780626186,25.212095644522,10.0,24,40.0,2015,0.151346216,B,A,32,5889,10,830.0,4,1,B
7357,23,3.0,87.779683516247,,1.0,12,17.0,1977,0.075778755,B,B,6,1437,3,,0,2,B
130,46,1.0,39.20820825265636,,1.0,18,1.0,1977,0.0,B,B,47,11319,0,1145.0,3,5,B
4922,83,1.0,42.30075235549632,21.66178057504165,8.0,6,12.0,1976,0.0077202819999999,B,B,38,4788,2,,0,4,B
6245,23,2.0,59.856978513862494,,1.0,8,25.0,1977,0.075778755,B,B,6,1437,3,,0,2,B
15627,6,1.0,42.72042222473061,,1.0,8,17.0,1977,0.243204519,B,B,5,1564,0,540.0,0,0,B
14382,19,1.0,48.417987511683314,47.65860216477562,11.0,12,15.0,2009,0.309479124,B,B,35,7715,4,990.0,0,6,B
14498,23,1.0,163.32590099988374,,1.0,3,1.0,1977,0.014072961,B,B,2,475,0,,0,0,B
16750,74,2.0,51.15740339100298,48.62978589972374,0.0,5,3.0,2017,0.075778755,B,B,6,1437,3,,0,2,B
1556,34,2.0,63.279709227873184,,1.0,15,1.0,1977,0.069753361,B,B,53,13670,4,,1,11,B
4256,53,1.0,41.42639923761112,19.35909745175071,8.0,15,16.0,1981,0.049637257,B,B,34,7759,0,229.0,1,3,B
12024,25,1.0,44.92546058227112,4.259876367655556,1.0,27,1.0,2013,0.069753361,B,B,53,13670,4,,1,11,B
4033,27,1.0,51.94232335373476,,0.0,12,0.0,1977,0.072157581,B,B,2,629,1,,0,0,A
10921,194,2.0,48.96912355782237,35.57071511251266,5.0,7,9.0,1977,0.174739084,B,B,17,3379,9,100.0,0,3,B
14329,37,2.0,60.65100869429421,44.72805650305296,10.0,14,22.0,2016,0.178916796,B,B,18,3594,4,192.0,1,5,B
3103,1,3.0,81.68036945315265,,0.0,6,17.0,1977,0.007122317,B,B,1,264,0,,0,1,B
4749,9,3.0,69.552090585187,41.69485611144509,8.0,4,10.0,2011,0.161531741,B,B,25,5648,1,30.0,2,4,B
12486,31,3.0,78.59317604160445,55.46221843667482,9.0,2,5.0,1958,0.151346216,B,A,32,5889,10,830.0,4,1,B
8622,23,1.0,40.29525080704799,,1.0,4,4.0,2017,0.034656082,B,B,0,168,0,,0,0,B
4519,27,1.0,45.07504768609783,44.26154470345653,1.0,11,17.0,2016,0.072157581,B,B,2,629,1,,0,0,A
829,126,1.0,42.199066435420725,24.66746703790884,8.0,4,14.0,2003,0.333891544,B,B,30,6564,1,,0,0,B
6466,52,1.0,41.64080813687673,,1.0,15,17.0,1977,0.371148999,B,B,34,7065,1,750.0,2,5,B
2839,106,1.0,34.66579307763766,24.67803111569925,5.0,1,5.0,1966,0.246031548,B,A,22,3151,4,2715.0,3,3,B
4394,26,3.0,66.4598069003912,46.4275659130825,6.0,13,12.0,1973,0.0,B,B,36,6714,2,2672.0,0,2,B
14297,13,2.0,59.10279460822164,31.566829258193952,11.0,11,14.0,2003,0.090799103,B,B,74,19083,2,,5,15,B
13986,85,3.0,77.41707773657888,46.74468278948154,9.0,4,22.0,1991,0.037177818,B,B,52,11217,1,2300.0,1,7,B
13409,81,4.0,82.06977462328071,50.27325182420352,7.0,6,5.0,1960,0.319809354,B,B,25,4756,16,2857.0,5,8,B
14986,1,2.0,70.84260158478723,,1.0,6,17.0,1977,0.007122317,B,B,1,264,0,,0,1,B
9348,205,1.0,37.48081132318665,16.851794529945757,8.0,6,5.0,1933,0.16909109,B,B,19,3856,10,,2,5,B
6989,94,1.0,45.65080073053585,17.178724374787247,10.0,18,25.0,2012,0.282797669,B,B,33,8667,2,,0,6,B
1685,52,1.0,37.42707572061365,,1.0,11,17.0,1977,0.371148999,B,B,34,7065,1,750.0,2,5,B
3009,9,1.0,44.79205767296403,,0.0,2,2.0,1977,0.161531741,B,B,25,5648,1,30.0,2,4,B
16101,7,3.0,57.21020572612854,38.2688161966276,5.0,5,3.0,1960,0.035145267,B,B,42,9292,3,2620.0,0,3,B
9251,1,3.0,81.98333868762508,,10.0,5,17.0,2018,0.007122317,B,B,1,264,0,,0,1,B
14115,28,2.0,46.706172915930175,30.99601396174773,5.0,6,5.0,1960,0.118537385,B,B,30,6207,1,1183.0,1,0,B
11822,47,3.0,66.0670865589087,39.34360568272871,8.0,7,12.0,1983,6.99893e-05,B,B,46,10309,1,240.0,1,16,B
1261,45,2.0,40.50241481369879,24.3079804082572,5.0,1,12.0,1965,0.014423114,B,B,19,3806,4,,0,3,B
14203,9,1.0,43.36803151186125,19.815651606753917,8.0,3,17.0,1995,0.161531741,B,B,25,5648,1,30.0,2,4,B
3325,27,2.0,63.30607472090525,,1.0,14,1.0,1977,0.011654127,B,B,4,915,0,,0,0,B
15172,38,3.0,86.20474059964937,50.67584681137279,10.0,7,20.0,2016,0.060753049,B,B,15,2787,2,520.0,0,7,B
15341,13,2.0,54.40969028447441,33.223632015030624,9.0,11,18.0,1999,0.090799103,B,B,74,19083,2,,5,15,B
12916,27,1.0,39.79868520953567,,1.0,9,19.0,1977,0.211401214,B,B,9,1892,0,,0,1,B
4172,20,1.0,41.744346802333816,22.21550639117683,8.0,7,17.0,1997,0.019508796,B,B,37,7687,11,176.0,5,5,B
14730,39,1.0,32.85144357739161,22.05303940906601,6.0,7,9.0,1962,0.428825818,B,B,25,5011,8,730.0,0,2,B
1241,88,1.0,37.44929241949141,21.308350367793672,9.0,3,9.0,1974,0.127375905,B,B,43,8429,3,,3,9,B
7522,113,3.0,73.52515505729261,48.54916868062188,10.0,19,17.0,1977,0.050755569,B,B,24,5469,1,145.0,0,1,B
4743,6,2.0,59.47879834312319,36.49312865886529,12.0,14,17.0,2011,0.243204519,B,B,5,1564,0,540.0,0,0,B
13706,23,3.0,81.00345522474205,2.3668688161385183,1.0,5,5.0,2017,0.034656082,B,B,0,168,0,,0,0,B
2311,74,1.0,49.85051796701249,51.17251525238135,1.0,10,17.0,1977,0.075778755,B,B,6,1437,3,,0,2,B
7013,11,2.0,56.12671878656214,31.04623364882865,8.0,4,12.0,1977,0.0001696759999999,B,B,36,5992,0,,1,1,B
5529,5,3.0,104.95680645684295,103.02163388055138,1.0,10,25.0,2015,0.150817539,B,B,16,3433,4,2643.0,4,5,B
12640,6,2.0,54.62914192453746,31.48630808065044,97.0,4,17.0,2015,0.243204519,B,B,5,1564,0,540.0,0,0,B
6338,105,3.0,59.80181775808106,44.102802924751714,5.0,4,5.0,1971,0.069660344,B,B,31,6119,4,,1,2,B
1573,39,1.0,46.29449902089583,21.96837793065621,11.0,7,16.0,2006,0.428825818,B,B,25,5011,8,730.0,0,2,B
14371,9,1.0,37.47855195742446,19.48252568606461,7.0,15,17.0,1993,0.069753361,B,B,53,13670,4,,1,11,B
10235,9,2.0,43.9860164981986,28.69525999048813,6.0,9,16.0,1969,0.31019913,B,B,11,2748,1,,0,0,B
10154,6,2.0,58.57156996945103,37.03341849996112,8.0,9,14.0,2010,0.243204519,B,B,5,1564,0,540.0,0,0,B
9403,78,1.0,37.47990798928021,22.92666716114237,7.0,3,14.0,1999,0.092290642,B,B,21,4346,2,165.0,1,2,B
15028,27,2.0,42.40873386310217,44.43031419727217,1.0,9,1.0,2016,0.072157581,B,B,2,629,1,,0,0,A
7343,27,2.0,68.17862676284905,,10.0,19,22.0,1977,0.211401214,B,B,9,1892,0,,0,1,B
7391,9,2.0,58.29963611504072,31.49205101443953,9.0,7,14.0,2008,0.31019913,B,B,11,2748,1,,0,0,B
12365,129,1.0,39.5496575872604,21.215991140616303,9.0,7,12.0,1969,0.020741326,B,B,24,5613,5,1340.0,2,5,B
5214,27,1.0,37.55519665650439,,1.0,5,1.0,1977,0.211401214,B,B,9,1892,0,,0,1,B
4936,48,1.0,39.097195063890425,19.98256722613548,8.0,6,25.0,2012,0.041124634,B,B,46,9515,5,,1,10,B
13230,74,2.0,84.50913807618316,83.6865702757032,1.0,12,24.0,1977,0.075778755,B,B,6,1437,3,,0,2,B
9329,21,2.0,39.33076875148126,26.34417028408808,7.0,8,9.0,1963,0.034331497,B,B,25,5487,3,,0,4,B
8441,90,2.0,49.23517791064016,32.86714121134105,5.0,5,5.0,1966,0.265088676,B,B,37,5288,0,1937.0,3,2,B
13012,23,2.0,65.30651182195359,61.93036585452803,1.0,7,17.0,1977,0.075778755,B,B,6,1437,3,,0,2,B
10264,27,1.0,37.12417636141564,40.03536401799649,1.0,3,19.0,1977,0.211401214,B,B,9,1892,0,,0,1,B
2111,12,1.0,38.7406118909708,23.71968946938748,8.0,8,12.0,1996,0.090799103,B,B,74,19083,2,,5,15,B
8459,79,2.0,45.48991719824454,31.219056413742862,5.0,5,5.0,1968,0.307466659,B,A,30,5048,9,325.0,2,5,B
11147,27,4.0,136.2336667215908,,1.0,5,3.0,1977,0.07542368,B,B,11,3097,0,,0,0,B
375,27,2.0,63.323765290432846,,1.0,14,1.0,1977,0.072157581,B,B,2,629,1,,0,0,A
11538,6,3.0,80.21939967207726,47.660259644506,9.0,13,17.0,2014,0.243204519,B,B,5,1564,0,540.0,0,0,B
12305,27,2.0,75.56165875450161,,10.0,5,12.0,1977,0.072157581,B,B,2,629,1,,0,0,A
9647,62,3.0,93.27499912297137,,1.0,5,3.0,1977,0.072157581,B,B,2,629,1,,0,0,A
12317,23,3.0,74.45333116814619,50.25648518322311,9.0,1,3.0,2017,0.005767451,B,B,1,388,0,,0,0,B
7307,27,2.0,51.430826984858,,1.0,9,17.0,1977,0.011654127,B,B,4,915,0,,0,0,B
4558,23,1.0,32.00855803327691,31.81697141768541,1.0,9,17.0,2017,0.034656082,B,B,0,168,0,,0,0,B
3958,38,2.0,76.72522422455049,42.963186917821744,1.0,15,15.0,2016,0.060753049,B,B,15,2787,2,520.0,0,7,B
14669,75,1.0,28.76735283810825,16.443666056432008,5.0,4,9.0,1979,0.307466659,B,A,30,5048,9,325.0,2,5,B
9115,27,1.0,31.416478657308826,28.46446705817943,7.0,6,19.0,2014,0.211401214,B,B,9,1892,0,,0,1,B
5009,11,1.0,40.95082807909272,22.737167556874,9.0,10,12.0,1970,0.038692987,B,B,28,6533,1,1015.0,2,5,B
7543,13,1.0,42.05271999246155,21.99831791312561,8.0,14,14.0,1997,0.090799103,B,B,74,19083,2,,5,15,B
5744,73,2.0,74.48878941919456,73.45254375840125,1.0,4,17.0,2017,0.042031587,B,B,37,6856,84,1940.0,2,5,B
13431,85,2.0,48.03309698470909,30.863543930242084,6.0,3,9.0,1977,0.037177818,B,B,52,11217,1,2300.0,1,7,B
11344,3,1.0,40.146638180950106,19.533406721088816,8.0,4,16.0,1980,0.265088676,B,B,37,5288,0,1937.0,3,2,B
14584,1,1.0,39.4425598121186,,10.0,9,17.0,2016,0.007122317,B,B,1,264,0,,0,1,B
2446,8,2.0,57.72252684149739,34.97059696902939,8.0,3,12.0,1979,0.219006007,B,B,28,6746,3,,1,4,B
2249,62,1.0,77.1576750214448,78.28176321353712,34.0,5,24.0,2016,0.072157581,B,B,2,629,1,,0,0,A
245,20,1.0,39.59230644298132,20.344615017495205,9.0,8,12.0,1970,0.019508796,B,B,37,7687,11,176.0,5,5,B
5517,31,1.0,30.5715003172954,15.455599140664738,4.0,2,4.0,1958,0.151346216,B,A,32,5889,10,830.0,4,1,B
321,9,3.0,80.133374126406,78.94227982319178,1.0,9,1.0,1977,0.161531741,B,B,25,5648,1,30.0,2,4,B
